log_name,encoder_pretrain_frames,in_encoder_pretrain,in_planner_train,in_eval_split
2021.05.12.19.36.12_veh-35_00005_00204,398,1,0,0
2021.05.12.19.36.12_veh-35_00215_00405,380,1,1,0
2021.05.12.19.36.12_veh-35_00416_00557,282,1,1,0
2021.05.12.19.36.12_veh-35_00568_01168,1200,1,1,0
2021.05.12.19.36.12_veh-35_01179_01278,198,1,1,0
2021.05.12.19.36.12_veh-35_01305_01389,168,1,0,0
2021.05.12.19.36.12_veh-35_01400_01643,486,1,1,0
2021.05.12.19.36.12_veh-35_01654_01733,158,1,0,0
2021.05.12.19.36.12_veh-35_01744_01934,380,1,1,0
2021.05.12.19.36.12_veh-35_01945_02065,240,1,1,0
2021.05.12.19.36.12_veh-35_02079_02176,194,1,1,0
2021.05.12.22.00.38_veh-35_00005_00118,226,1,1,0
2021.05.12.22.00.38_veh-35_00129_00204,150,1,1,0
2021.05.12.22.00.38_veh-35_00215_00995,1560,1,1,0
2021.05.12.22.00.38_veh-35_01008_01518,1020,1,1,0
2021.05.12.22.28.35_veh-35_00025_00115,180,1,1,0
2021.05.12.22.28.35_veh-35_00126_00339,426,1,1,0
2021.05.12.22.28.35_veh-35_00350_00568,436,1,1,0
2021.05.12.22.28.35_veh-35_00620_01164,1088,1,1,0
2021.05.12.22.28.35_veh-35_01175_02127,1904,1,1,0
2021.05.12.22.28.35_veh-35_02138_02481,686,1,1,0
2021.05.12.23.36.44_veh-35_00063_00141,156,1,1,0
2021.05.12.23.36.44_veh-35_00152_00504,704,1,1,0
2021.05.12.23.36.44_veh-35_00515_00701,372,1,1,0
2021.05.12.23.36.44_veh-35_00712_00774,124,1,1,0
2021.05.12.23.36.44_veh-35_00785_01041,512,1,1,0
2021.05.12.23.36.44_veh-35_01133_01535,804,1,1,0
2021.05.12.23.36.44_veh-35_01585_01724,278,1,1,0
2021.05.12.23.36.44_veh-35_01735_01957,444,1,1,0
2021.05.12.23.36.44_veh-35_02035_02387,704,1,1,0
2021.05.25.14.16.10_veh-35_00083_00485,804,1,0,1
2021.05.25.14.16.10_veh-35_01100_01664,1128,1,0,1
2021.05.25.14.16.10_veh-35_01690_02183,986,1,0,1
2021.05.25.14.16.10_veh-35_02482_02649,334,1,0,1
2021.05.25.14.16.10_veh-35_03373_03550,354,1,0,1
2021.05.25.14.16.10_veh-35_04097_04328,462,1,0,1
2021.05.25.14.24.08_veh-25_00934_01067,266,1,0,1
2021.05.25.14.24.08_veh-25_03764_04034,540,1,0,1
2021.05.25.14.24.08_veh-25_04059_04203,288,1,0,1
2021.05.25.14.26.37_veh-27_04122_04279,314,1,0,1
2021.05.25.15.59.03_veh-30_00625_00855,460,1,0,1
2021.05.25.15.59.03_veh-30_01478_01643,330,1,0,1
2021.05.25.15.59.03_veh-30_03499_03671,344,1,0,1
2021.05.25.15.59.03_veh-30_04027_04200,346,1,0,1
2021.05.25.15.59.03_veh-30_04463_04606,286,1,0,1
2021.05.25.16.37.23_veh-25_00005_00217,424,1,0,1
2021.05.25.16.37.23_veh-25_03311_03550,478,1,0,1
2021.05.25.17.54.41_veh-35_01654_01850,392,1,0,1
2021.05.25.17.54.41_veh-35_01905_02121,432,1,0,1
2021.05.25.17.54.41_veh-35_02723_02902,358,1,0,1
2021.05.25.17.54.41_veh-35_04111_04288,354,1,0,1
2021.05.25.17.54.41_veh-35_04967_05098,262,1,0,1
2021.05.25.18.38.25_veh-25_04058_04186,256,1,0,1
2021.06.03.12.02.06_veh-35_00233_00609,752,1,0,1
2021.06.03.12.02.06_veh-35_01100_01227,254,1,0,1
2021.06.03.12.02.06_veh-35_03526_03712,372,1,0,1
2021.06.03.13.55.17_veh-35_00073_00426,706,1,0,1
2021.06.03.13.55.17_veh-35_00789_00999,420,1,0,1
2021.06.03.13.55.17_veh-35_02419_02561,284,1,0,1
2021.06.03.13.55.17_veh-35_02572_02855,566,1,0,1
2021.06.03.13.55.17_veh-35_02866_03582,1432,1,0,1
2021.06.03.17.06.58_veh-35_00712_00855,286,1,0,1
2021.06.03.17.06.58_veh-35_02571_02742,342,1,0,1
2021.06.03.17.06.58_veh-35_02943_03220,554,1,0,1
2021.06.03.17.06.58_veh-35_03860_03992,264,1,0,1
2021.06.03.18.47.39_veh-35_00123_00246,246,1,0,1
2021.06.03.18.47.39_veh-35_00257_00492,470,1,0,1
2021.06.03.18.47.39_veh-35_00503_00777,548,1,0,1
2021.06.07.11.59.52_veh-35_02283_02464,362,1,1,0
2021.06.07.12.42.11_veh-38_01777_02078,602,1,1,0
2021.06.07.12.42.11_veh-38_02445_02843,796,1,1,0
2021.06.07.12.42.11_veh-38_03254_03455,402,1,1,0
2021.06.07.12.54.00_veh-35_01843_02314,942,1,1,0
2021.06.07.13.53.57_veh-35_01772_02032,520,1,1,0
2021.06.07.13.53.57_veh-35_02489_03145,0,0,1,0
2021.06.07.17.46.49_veh-35_02607_03120,1026,1,1,0
2021.06.07.17.46.49_veh-35_04084_04828,0,0,1,0
2021.06.07.17.46.49_veh-35_04839_05184,690,1,1,0
2021.06.07.17.48.02_veh-38_01949_02085,272,1,1,0
2021.06.07.18.53.26_veh-26_00005_00427,0,0,1,0
2021.06.07.18.53.26_veh-26_01208_01412,0,0,1,0
2021.06.07.19.29.59_veh-38_00474_00922,896,1,1,0
2021.06.07.19.29.59_veh-38_01025_01274,498,1,1,0
2021.06.07.19.43.00_veh-35_01782_01986,0,0,1,0
2021.06.07.19.43.00_veh-35_02298_02525,0,0,1,0
2021.06.08.12.00.19_veh-35_01722_02119,0,0,1,0
2021.06.08.12.00.19_veh-35_02135_02369,468,1,1,0
2021.06.08.12.00.19_veh-35_02988_03160,0,0,1,0
2021.06.08.12.00.19_veh-35_03451_03644,0,0,1,0
2021.06.08.12.00.19_veh-35_03655_03792,0,0,1,0
2021.06.08.12.00.19_veh-35_04422_04725,606,1,1,0
2021.06.08.12.00.19_veh-35_05235_05578,0,0,1,0
2021.06.08.12.54.54_veh-26_00015_00507,0,0,1,0
2021.06.08.12.54.54_veh-26_00733_00983,500,1,1,0
2021.06.08.12.54.54_veh-26_01289_01417,0,0,1,0
2021.06.08.12.54.54_veh-26_02323_02479,312,1,1,0
2021.06.08.12.54.54_veh-26_02994_03970,0,0,1,0
2021.06.08.12.54.54_veh-26_04262_04732,0,0,1,0
2021.06.08.14.14.51_veh-35_00893_01188,0,0,1,0
2021.06.08.14.14.51_veh-35_01508_01763,510,1,1,0
2021.06.08.14.35.24_veh-26_01989_02235,0,0,1,0
2021.06.08.14.35.24_veh-26_02555_03004,0,0,1,0
2021.06.08.14.36.49_veh-38_00312_00694,0,0,1,0
2021.06.08.16.31.33_veh-38_00015_00262,0,0,1,0
2021.06.08.16.31.33_veh-38_01589_02072,0,0,1,0
2021.06.08.17.25.03_veh-35_02448_02655,0,0,1,0
2021.06.08.17.25.03_veh-35_03522_03716,0,0,1,0
2021.06.08.17.36.50_veh-26_03873_04225,0,0,1,0
2021.06.08.17.36.50_veh-26_05134_05378,0,0,1,0
2021.06.08.18.18.30_veh-38_05578_05988,0,0,1,0
2021.06.08.18.18.30_veh-38_06017_06142,0,0,1,0
2021.06.08.18.59.48_veh-12_01276_01459,0,0,1,0
2021.06.08.18.59.48_veh-12_02116_02247,0,0,1,0
2021.06.08.18.59.48_veh-12_03122_03677,0,0,1,0
2021.06.08.19.16.23_veh-26_00193_00322,0,0,1,0
2021.06.08.19.16.23_veh-26_00973_01139,0,0,1,0
2021.06.09.11.54.15_veh-12_00015_00259,488,1,1,0
2021.06.09.11.54.15_veh-12_00270_00339,138,1,0,0
2021.06.09.11.54.15_veh-12_00361_00678,634,1,1,0
2021.06.09.11.54.15_veh-12_00689_01229,1080,1,1,0
2021.06.09.11.54.15_veh-12_01240_01361,242,1,1,0
2021.06.09.11.54.15_veh-12_01403_01526,246,1,1,0
2021.06.09.11.54.15_veh-12_01537_01628,182,1,1,0
2021.06.09.11.54.15_veh-12_01705_01845,280,1,1,0
2021.06.09.11.54.15_veh-12_01902_02277,750,1,1,0
2021.06.09.11.54.15_veh-12_02288_02529,482,1,1,0
2021.06.09.11.54.15_veh-12_02540_02723,366,1,1,0
2021.06.09.11.54.15_veh-12_02734_02946,424,1,1,0
2021.06.09.11.54.15_veh-12_02957_03110,306,1,0,0
2021.06.09.11.54.15_veh-12_03121_03319,396,1,1,0
2021.06.09.11.54.15_veh-12_03371_03642,542,1,1,0
2021.06.09.11.54.15_veh-12_03653_03902,498,1,1,0
2021.06.09.11.54.15_veh-12_03917_04069,304,1,1,0
2021.06.09.11.54.15_veh-12_04138_04355,434,1,1,0
2021.06.09.11.54.15_veh-12_04366_04810,888,1,1,0
2021.06.09.11.54.15_veh-12_04821_05096,550,1,1,0
2021.06.09.11.54.15_veh-12_05108_05331,446,1,1,0
2021.06.09.11.54.15_veh-12_05342_05403,122,1,1,0
2021.06.09.11.54.15_veh-12_05414_05511,194,1,1,0
2021.06.09.11.54.15_veh-12_05543_05765,444,1,1,0
2021.06.09.12.06.35_veh-35_00149_00262,226,1,1,0
2021.06.09.12.06.35_veh-35_00284_00410,252,1,1,0
2021.06.09.12.06.35_veh-35_00422_01112,1380,1,1,0
2021.06.09.12.06.35_veh-35_01164_01494,660,1,1,0
2021.06.09.12.39.51_veh-26_00055_00360,610,1,1,0
2021.06.09.12.39.51_veh-26_00371_00480,218,1,0,0
2021.06.09.12.39.51_veh-26_00492_00587,190,1,0,0
2021.06.09.12.39.51_veh-26_00609_01168,1118,1,1,0
2021.06.09.12.39.51_veh-26_01179_01338,318,1,1,0
2021.06.09.12.39.51_veh-26_01418_01480,124,1,0,0
2021.06.09.12.39.51_veh-26_01491_01642,302,1,0,0
2021.06.09.12.39.51_veh-26_01653_01919,532,1,1,0
2021.06.09.12.39.51_veh-26_01943_02303,720,1,1,0
2021.06.09.12.39.51_veh-26_02338_02459,242,1,1,0
2021.06.09.12.39.51_veh-26_02470_02648,356,1,0,0
2021.06.09.12.39.51_veh-26_02729_02878,298,1,1,0
2021.06.09.12.39.51_veh-26_02901_02978,154,1,1,0
2021.06.09.12.39.51_veh-26_02989_03385,792,1,1,0
2021.06.09.12.39.51_veh-26_03409_03722,626,1,1,0
2021.06.09.12.39.51_veh-26_03733_03918,370,1,1,0
2021.06.09.12.39.51_veh-26_03951_04180,458,1,1,0
2021.06.09.12.39.51_veh-26_04255_04331,152,1,1,0
2021.06.09.12.39.51_veh-26_04374_04513,278,1,1,0
2021.06.09.12.39.51_veh-26_04543_05321,1556,1,1,0
2021.06.09.12.39.51_veh-26_05332_05540,416,1,1,0
2021.06.09.12.39.51_veh-26_05620_06003,766,1,1,0
2021.06.09.12.51.31_veh-35_00007_00089,164,1,1,0
2021.06.09.12.51.31_veh-35_00100_00277,354,1,1,0
2021.06.09.12.51.31_veh-35_00288_00529,482,1,1,0
2021.06.09.12.51.31_veh-35_00540_00631,182,1,1,0
2021.06.09.12.51.31_veh-35_00697_00820,246,1,1,0
2021.06.09.12.51.31_veh-35_00852_01020,336,1,1,0
2021.06.09.12.51.31_veh-35_01047_01415,736,1,1,0
2021.06.09.12.51.31_veh-35_01427_01576,298,1,0,0
2021.06.09.12.51.31_veh-35_01587_01718,262,1,1,0
2021.06.09.12.51.31_veh-35_01729_02626,1794,1,1,0
2021.06.09.12.51.31_veh-35_02677_02842,330,1,1,0
2021.06.09.12.51.31_veh-35_02853_02964,222,1,0,0
2021.06.09.12.51.31_veh-35_02975_03207,464,1,1,0
2021.06.09.12.51.31_veh-35_03229_03360,262,1,1,0
2021.06.09.12.51.31_veh-35_03371_03476,210,1,1,0
2021.06.09.12.51.31_veh-35_03487_03821,668,1,1,0
2021.06.09.12.51.31_veh-35_03869_04221,704,1,1,0
2021.06.09.12.51.31_veh-35_04247_04424,354,1,1,0
2021.06.09.12.51.31_veh-35_04435_04593,316,1,1,0
2021.06.09.12.51.31_veh-35_04715_04871,312,1,1,0
2021.06.09.12.51.31_veh-35_04882_05013,262,1,1,0
2021.06.09.12.51.31_veh-35_05024_05275,502,1,1,0
2021.06.09.12.51.31_veh-35_05299_05468,338,1,1,0
2021.06.09.14.03.17_veh-12_00015_00099,168,1,1,0
2021.06.09.14.03.17_veh-12_00159_00283,248,1,1,0
2021.06.09.14.03.17_veh-12_00294_00364,140,1,1,0
2021.06.09.14.03.17_veh-12_00375_00566,382,1,1,0
2021.06.09.14.03.17_veh-12_00711_00839,256,1,1,0
2021.06.09.14.03.17_veh-12_00859_00931,144,1,1,0
2021.06.09.14.03.17_veh-12_01094_01213,238,1,0,0
2021.06.09.14.03.17_veh-12_01225_01437,424,1,0,0
2021.06.09.14.03.17_veh-12_01603_01708,210,1,1,0
2021.06.09.14.03.17_veh-12_01883_01955,144,1,1,0
2021.06.09.14.03.17_veh-12_02011_02101,180,1,1,0
2021.06.09.14.03.17_veh-12_02112_02202,180,1,1,0
2021.06.09.14.03.17_veh-12_02213_02304,182,1,0,0
2021.06.09.14.03.17_veh-12_02495_02573,156,1,0,0
2021.06.09.14.03.17_veh-12_02584_02970,772,1,1,0
2021.06.09.14.03.17_veh-12_03014_03120,212,1,0,0
2021.06.09.14.03.17_veh-12_03200_03333,266,1,1,0
2021.06.09.14.03.17_veh-12_03344_03461,234,1,1,0
2021.06.09.14.03.17_veh-12_03584_03667,166,1,0,0
2021.06.09.14.03.17_veh-12_03678_03787,218,1,1,0
2021.06.09.14.03.17_veh-12_03798_04118,640,1,1,0
2021.06.09.14.03.17_veh-12_04129_04237,216,1,1,0
2021.06.09.14.50.36_veh-26_00063_00350,574,1,0,0
2021.06.09.14.50.36_veh-26_00598_00665,134,1,1,0
2021.06.09.14.50.36_veh-26_00677_00819,284,1,1,0
2021.06.09.14.50.36_veh-26_00832_00905,146,1,1,0
2021.06.09.14.50.36_veh-26_01037_01113,152,1,0,0
2021.06.09.14.50.36_veh-26_01124_01198,148,1,1,0
2021.06.09.14.50.36_veh-26_01209_01393,368,1,1,0
2021.06.09.14.50.36_veh-26_01537_01600,126,1,1,0
2021.06.09.14.50.36_veh-26_01698_01771,146,1,1,0
2021.06.09.14.50.36_veh-26_01782_02044,524,1,1,0
2021.06.09.14.50.36_veh-26_02081_02143,124,1,1,0
2021.06.09.14.50.36_veh-26_02376_02484,216,1,1,0
2021.06.09.14.50.36_veh-26_02495_02669,348,1,1,0
2021.06.09.14.50.36_veh-26_02680_02781,202,1,1,0
2021.06.09.14.50.36_veh-26_02826_02955,258,1,1,0
2021.06.09.14.50.36_veh-26_03061_03152,182,1,1,0
2021.06.09.14.50.36_veh-26_03208_03299,182,1,1,0
2021.06.09.14.50.36_veh-26_03310_03392,164,1,0,0
2021.06.09.14.50.36_veh-26_03403_03496,186,1,1,0
2021.06.09.14.50.36_veh-26_03507_03584,154,1,1,0
2021.06.09.14.50.36_veh-26_03595_03863,536,1,1,0
2021.06.09.14.50.36_veh-26_03874_04112,476,1,1,0
2021.06.09.14.50.36_veh-26_04123_04185,124,1,0,0
2021.06.09.14.50.36_veh-26_04226_04484,516,1,1,0
2021.06.09.14.50.36_veh-26_04495_04561,132,1,0,0
2021.06.09.14.50.36_veh-26_04605_04729,248,1,1,0
2021.06.09.14.50.36_veh-26_04746_04837,182,1,1,0
2021.06.09.14.50.36_veh-26_05055_05138,166,1,1,0
2021.06.09.14.50.36_veh-26_05225_05311,172,1,1,0
2021.06.09.14.50.36_veh-26_05326_05387,122,1,0,0
2021.06.09.14.50.36_veh-26_05398_05800,804,1,1,0
2021.06.09.14.50.36_veh-26_05825_05901,152,1,1,0
2021.06.09.14.58.55_veh-35_00016_00182,332,1,1,0
2021.06.09.14.58.55_veh-35_00193_01084,1782,1,1,0
2021.06.09.14.58.55_veh-35_01095_01484,778,1,1,0
2021.06.09.14.58.55_veh-35_01496_01664,336,1,1,0
2021.06.09.14.58.55_veh-35_01675_01774,198,1,1,0
2021.06.09.14.58.55_veh-35_01785_01883,196,1,1,0
2021.06.09.14.58.55_veh-35_01894_02311,834,1,1,0
2021.06.09.14.58.55_veh-35_02388_02465,154,1,0,0
2021.06.09.14.58.55_veh-35_02476_02569,186,1,0,0
2021.06.09.14.58.55_veh-35_02580_02649,138,1,1,0
2021.06.09.14.58.55_veh-35_02660_02757,194,1,1,0
2021.06.09.14.58.55_veh-35_02778_02850,144,1,1,0
2021.06.09.14.58.55_veh-35_02861_03037,352,1,1,0
2021.06.09.14.58.55_veh-35_03048_03301,506,1,1,0
2021.06.09.14.58.55_veh-35_03312_03379,134,1,0,0
2021.06.09.14.58.55_veh-35_03390_03537,294,1,1,0
2021.06.09.14.58.55_veh-35_03548_03800,504,1,1,0
2021.06.09.14.58.55_veh-35_03811_03916,210,1,1,0
2021.06.09.14.58.55_veh-35_03927_04034,214,1,1,0
2021.06.09.14.58.55_veh-35_04047_04349,604,1,1,0
2021.06.09.14.58.55_veh-35_04360_04484,248,1,0,0
2021.06.09.14.58.55_veh-35_04541_04657,232,1,1,0
2021.06.09.14.58.55_veh-35_04695_05321,1252,1,1,0
2021.06.09.14.58.55_veh-35_05473_05626,306,1,1,0
2021.06.09.14.58.55_veh-35_05655_05745,180,1,1,0
2021.06.09.17.23.18_veh-38_00016_00120,208,1,0,0
2021.06.09.17.23.18_veh-38_00131_00294,326,1,1,0
2021.06.09.17.23.18_veh-38_00305_00597,584,1,1,0
2021.06.09.17.23.18_veh-38_00609_00762,306,1,1,0
2021.06.09.17.23.18_veh-38_00773_01140,734,1,1,0
2021.06.09.17.23.18_veh-38_01151_01532,762,1,1,0
2021.06.09.17.23.18_veh-38_01598_01750,304,1,1,0
2021.06.09.17.23.18_veh-38_01761_02019,516,1,1,0
2021.06.09.17.23.18_veh-38_02094_02305,422,1,1,0
2021.06.09.17.23.18_veh-38_02316_02391,150,1,1,0
2021.06.09.17.23.18_veh-38_02450_02515,130,1,1,0
2021.06.09.17.23.18_veh-38_02526_03027,1002,1,1,0
2021.06.09.17.23.18_veh-38_03095_03280,370,1,1,0
2021.06.09.17.23.18_veh-38_03302_03414,224,1,0,0
2021.06.09.17.23.18_veh-38_03425_04047,1244,1,1,0
2021.06.09.17.23.18_veh-38_04163_04245,164,1,1,0
2021.06.09.17.23.18_veh-38_04286_04521,470,1,1,0
2021.06.09.17.23.18_veh-38_04544_04697,306,1,1,0
2021.06.09.17.23.18_veh-38_04708_04770,124,1,1,0
2021.06.09.17.23.18_veh-38_04782_05228,892,1,1,0
2021.06.09.17.23.18_veh-38_05239_05412,346,1,0,0
2021.06.09.17.23.18_veh-38_05423_05550,254,1,1,0
2021.06.09.17.23.18_veh-38_05602_05695,186,1,1,0
2021.06.09.17.37.09_veh-12_00016_00140,248,1,1,0
2021.06.09.17.37.09_veh-12_00151_00393,484,1,1,0
2021.06.09.17.37.09_veh-12_00404_00864,920,1,1,0
2021.06.09.17.37.09_veh-12_00875_01204,658,1,1,0
2021.06.09.17.37.09_veh-12_01215_01375,320,1,1,0
2021.06.09.17.37.09_veh-12_01386_01454,136,1,1,0
2021.06.09.17.37.09_veh-12_01465_01790,650,1,1,0
2021.06.09.17.37.09_veh-12_01801_01925,248,1,1,0
2021.06.09.17.37.09_veh-12_01936_02067,262,1,1,0
2021.06.09.17.37.09_veh-12_02082_02170,176,1,0,0
2021.06.09.17.37.09_veh-12_02239_02313,148,1,1,0
2021.06.09.17.37.09_veh-12_02324_02434,220,1,1,0
2021.06.09.17.37.09_veh-12_02445_02566,242,1,1,0
2021.06.09.17.37.09_veh-12_02639_02992,706,1,1,0
2021.06.09.17.37.09_veh-12_03003_03121,236,1,1,0
2021.06.09.17.37.09_veh-12_03132_03193,122,1,0,0
2021.06.09.17.37.09_veh-12_03219_03372,306,1,1,0
2021.06.09.17.37.09_veh-12_03420_03578,316,1,1,0
2021.06.09.17.37.09_veh-12_03600_03810,420,1,1,0
2021.06.09.17.37.09_veh-12_03830_04329,998,1,1,0
2021.06.09.17.37.09_veh-12_04340_04478,276,1,0,0
2021.06.09.17.37.09_veh-12_04489_04816,654,1,1,0
2021.06.09.18.23.43_veh-35_00026_00274,496,1,1,0
2021.06.09.18.23.43_veh-35_00349_00544,390,1,1,0
2021.06.09.18.23.43_veh-35_00555_00726,342,1,1,0
2021.06.09.18.23.43_veh-35_00799_01004,410,1,1,0
2021.06.09.18.23.43_veh-35_01028_01221,386,1,1,0
2021.06.09.18.23.43_veh-35_01232_01405,346,1,1,0
2021.06.09.18.23.43_veh-35_01416_01573,314,1,1,0
2021.06.09.18.23.43_veh-35_01584_01691,214,1,1,0
2021.06.09.18.23.43_veh-35_01702_01928,452,1,1,0
2021.06.09.18.23.43_veh-35_01939_02025,172,1,1,0
2021.06.09.18.23.43_veh-35_02086_02333,494,1,1,0
2021.06.09.18.23.43_veh-35_02344_02669,650,1,1,0
2021.06.09.18.23.43_veh-35_02680_02868,376,1,1,0
2021.06.09.18.23.43_veh-35_02945_03099,308,1,1,0
2021.06.09.18.23.43_veh-35_03110_03179,138,1,1,0
2021.06.09.18.23.43_veh-35_03190_03392,404,1,1,0
2021.06.09.18.23.43_veh-35_03403_03481,156,1,1,0
2021.06.09.18.23.43_veh-35_03500_03586,172,1,1,0
2021.06.09.18.23.43_veh-35_03609_03793,368,1,1,0
2021.06.09.18.23.43_veh-35_03804_03956,304,1,1,0
2021.06.09.18.23.43_veh-35_03967_05057,2180,1,1,0
2021.06.09.18.23.43_veh-35_05068_05186,236,1,1,0
2021.06.09.18.23.43_veh-35_05198_05504,612,1,1,0
2021.06.09.19.40.26_veh-12_00133_00268,270,1,1,0
2021.06.09.19.40.26_veh-12_00279_01212,1866,1,1,0
2021.06.09.19.40.26_veh-12_01241_01510,538,1,1,0
2021.06.09.19.40.26_veh-12_01525_02020,990,1,1,0
2021.06.09.19.40.26_veh-12_02031_02228,394,1,1,0
2021.06.09.20.26.11_veh-35_00026_00236,420,1,1,0
2021.06.09.20.26.11_veh-35_00247_00529,564,1,1,0
2021.06.09.20.26.11_veh-35_00540_00789,498,1,1,0
2021.06.09.20.26.11_veh-35_00825_00942,234,1,1,0
2021.06.09.20.26.11_veh-35_00970_01216,492,1,1,0
2021.06.09.20.26.11_veh-35_01227_01514,574,1,1,0
2021.06.14.11.44.56_veh-35_00059_00410,702,1,1,0
2021.06.14.11.44.56_veh-35_00453_00731,556,1,1,0
2021.06.14.11.44.56_veh-35_00742_00927,370,1,1,0
2021.06.14.11.44.56_veh-35_00938_01134,392,1,1,0
2021.06.14.11.44.56_veh-35_01145_01297,304,1,1,0
2021.06.14.11.44.56_veh-35_01308_01584,552,1,1,0
2021.06.14.11.44.56_veh-35_01595_01804,418,1,1,0
2021.06.14.11.44.56_veh-35_01869_01972,206,1,0,0
2021.06.14.11.44.56_veh-35_01983_02053,140,1,1,0
2021.06.14.11.44.56_veh-35_02064_02388,648,1,1,0
2021.06.14.11.44.56_veh-35_02399_02672,546,1,1,0
2021.06.14.11.44.56_veh-35_02696_02932,472,1,1,0
2021.06.14.11.44.56_veh-35_02983_03378,790,1,1,0
2021.06.14.11.44.56_veh-35_03389_04017,1256,1,1,0
2021.06.14.11.44.56_veh-35_04178_05084,1812,1,1,0
2021.06.14.11.44.56_veh-35_05211_05338,254,1,1,0
2021.06.14.13.27.42_veh-35_00005_00123,236,1,1,0
2021.06.14.13.27.42_veh-35_00142_00231,178,1,1,0
2021.06.14.13.27.42_veh-35_00243_00342,198,1,1,0
2021.06.14.13.27.42_veh-35_00353_00531,356,1,1,0
2021.06.14.13.27.42_veh-35_00542_00645,206,1,1,0
2021.06.14.13.27.42_veh-35_00691_00798,214,1,1,0
2021.06.14.13.27.42_veh-35_00842_00940,196,1,0,0
2021.06.14.13.27.42_veh-35_01025_01086,122,1,1,0
2021.06.14.13.27.42_veh-35_01160_01331,342,1,1,0
2021.06.14.13.27.42_veh-35_01342_01461,238,1,0,0
2021.06.14.13.27.42_veh-35_01472_01666,388,1,1,0
2021.06.14.13.27.42_veh-35_01698_01822,248,1,1,0
2021.06.14.13.27.42_veh-35_01854_01994,280,1,1,0
2021.06.14.13.27.42_veh-35_02028_02106,156,1,1,0
2021.06.14.13.27.42_veh-35_02117_02272,310,1,1,0
2021.06.14.13.27.42_veh-35_02283_02603,640,1,1,0
2021.06.14.13.27.42_veh-35_02614_02842,456,1,1,0
2021.06.14.13.27.42_veh-35_02853_02953,200,1,1,0
2021.06.14.13.27.42_veh-35_03142_03404,524,1,1,0
2021.06.14.13.27.42_veh-35_03463_03587,248,1,0,0
2021.06.14.13.27.42_veh-35_03624_03705,162,1,1,0
2021.06.14.13.27.42_veh-35_03806_03990,368,1,1,0
2021.06.14.13.27.42_veh-35_04001_04236,470,1,1,0
2021.06.14.13.27.42_veh-35_04362_04572,420,1,1,0
2021.06.14.13.27.42_veh-35_04596_04692,192,1,1,0
2021.06.14.13.27.42_veh-35_04704_04782,156,1,1,0
2021.06.14.13.27.42_veh-35_04793_04883,180,1,1,0
2021.06.14.13.27.42_veh-35_04894_05018,248,1,1,0
2021.06.14.13.27.42_veh-35_05029_05340,622,1,1,0
2021.06.14.13.28.41_veh-12_00005_00158,306,1,1,0
2021.06.14.13.28.41_veh-12_00169_00783,1228,1,1,0
2021.06.14.13.28.41_veh-12_00906_01063,314,1,1,0
2021.06.14.13.28.41_veh-12_01138_01284,292,1,1,0
2021.06.14.13.28.41_veh-12_01313_01541,456,1,1,0
2021.06.14.13.28.41_veh-12_01591_01695,208,1,1,0
2021.06.14.13.28.41_veh-12_01779_02059,560,1,1,0
2021.06.14.13.28.41_veh-12_02070_02140,140,1,1,0
2021.06.14.13.28.41_veh-12_02245_02340,190,1,0,0
2021.06.14.13.28.41_veh-12_02414_02601,374,1,1,0
2021.06.14.13.28.41_veh-12_02612_02703,182,1,1,0
2021.06.14.13.28.41_veh-12_02845_03153,616,1,1,0
2021.06.14.13.28.41_veh-12_03221_03301,160,1,1,0
2021.06.14.13.28.41_veh-12_03312_03409,194,1,0,0
2021.06.14.13.28.41_veh-12_03457_03543,172,1,0,0
2021.06.14.13.28.41_veh-12_03763_03829,132,1,0,0
2021.06.14.13.28.41_veh-12_03841_04014,346,1,1,0
2021.06.14.13.28.41_veh-12_04090_04289,398,1,1,0
2021.06.14.13.28.41_veh-12_04300_04506,412,1,1,0
2021.06.14.13.28.41_veh-12_04530_04609,158,1,1,0
2021.06.14.13.28.41_veh-12_04719_04892,346,1,1,0
2021.06.14.13.28.41_veh-12_04903_05107,408,1,1,0
2021.06.14.13.28.41_veh-12_05118_05258,280,1,1,0
2021.06.14.13.28.41_veh-12_05269_05369,200,1,1,0
2021.06.14.14.03.45_veh-38_00088_00769,1362,1,1,0
2021.06.14.14.03.45_veh-38_00780_01007,454,1,1,0
2021.06.14.14.03.45_veh-38_01018_01144,252,1,1,0
2021.06.14.14.03.45_veh-38_01155_01358,406,1,1,0
2021.06.14.14.03.45_veh-38_01369_01458,178,1,0,0
2021.06.14.14.03.45_veh-38_01547_01613,132,1,0,0
2021.06.14.14.03.45_veh-38_01624_01811,374,1,1,0
2021.06.14.14.03.45_veh-38_01927_01996,138,1,1,0
2021.06.14.14.03.45_veh-38_02007_02072,130,1,1,0
2021.06.14.14.03.45_veh-38_02112_03169,2114,1,1,0
2021.06.14.14.03.45_veh-38_03180_03766,1172,1,1,0
2021.06.14.14.03.45_veh-38_03777_04059,564,1,0,0
2021.06.14.14.03.45_veh-38_04137_04387,500,1,1,0
2021.06.14.14.03.45_veh-38_04398_04488,180,1,1,0
2021.06.14.14.03.45_veh-38_04499_05170,1342,1,1,0
2021.06.14.14.03.45_veh-38_05222_05347,250,1,1,0
2021.06.14.14.25.15_veh-26_00398_00578,360,1,1,0
2021.06.14.14.25.15_veh-26_00597_00827,460,1,1,0
2021.06.14.14.25.15_veh-26_00867_01088,442,1,1,0
2021.06.14.14.25.15_veh-26_01236_01585,698,1,1,0
2021.06.14.14.25.15_veh-26_01600_01699,198,1,1,0
2021.06.14.14.25.15_veh-26_01752_01813,122,1,0,0
2021.06.14.14.25.15_veh-26_01835_01960,250,1,1,0
2021.06.14.14.25.15_veh-26_02009_02099,180,1,1,0
2021.06.14.14.25.15_veh-26_02179_02316,274,1,1,0
2021.06.14.14.25.15_veh-26_02376_02575,398,1,1,0
2021.06.14.14.25.15_veh-26_02586_02648,124,1,0,0
2021.06.14.14.25.15_veh-26_02659_02759,200,1,0,0
2021.06.14.14.25.15_veh-26_02770_02830,120,1,1,0
2021.06.14.14.25.15_veh-26_02841_02921,160,1,1,0
2021.06.14.14.25.15_veh-26_02932_03190,516,1,1,0
2021.06.14.14.25.15_veh-26_03201_03386,370,1,1,0
2021.06.14.14.25.15_veh-26_03415_03581,332,1,1,0
2021.06.14.14.25.15_veh-26_03592_03664,144,1,1,0
2021.06.14.14.25.15_veh-26_03675_03860,370,1,1,0
2021.06.14.14.25.15_veh-26_03871_03953,164,1,1,0
2021.06.14.14.25.15_veh-26_03964_04278,628,1,1,0
2021.06.14.14.25.15_veh-26_04289_04406,234,1,1,0
2021.06.14.14.25.15_veh-26_04417_04531,228,1,1,0
2021.06.14.14.25.15_veh-26_04542_04617,150,1,0,0
2021.06.14.14.25.15_veh-26_04629_04724,190,1,0,0
2021.06.14.14.25.15_veh-26_04735_04829,188,1,0,0
2021.06.14.14.25.15_veh-26_04936_05073,274,1,1,0
2021.06.14.14.25.15_veh-26_05108_05312,408,1,1,0
2021.06.14.16.32.09_veh-35_00016_00087,142,1,1,0
2021.06.14.16.32.09_veh-35_00100_00272,344,1,1,0
2021.06.14.16.32.09_veh-35_00283_00357,148,1,0,0
2021.06.14.16.32.09_veh-35_00429_00563,268,1,0,0
2021.06.14.16.32.09_veh-35_00574_00989,830,1,1,0
2021.06.14.16.32.09_veh-35_01219_01415,392,1,1,0
2021.06.14.16.32.09_veh-35_01489_01563,148,1,1,0
2021.06.14.16.32.09_veh-35_01620_01699,158,1,1,0
2021.06.14.16.32.09_veh-35_01710_01770,120,1,1,0
2021.06.14.16.32.09_veh-35_01781_02379,1196,1,1,0
2021.06.14.16.32.09_veh-35_02435_02526,182,1,1,0
2021.06.14.16.32.09_veh-35_02537_02597,120,1,1,0
2021.06.14.16.32.09_veh-35_02618_02873,510,1,1,0
2021.06.14.16.32.09_veh-35_02928_03118,380,1,1,0
2021.06.14.16.32.09_veh-35_03129_03220,182,1,1,0
2021.06.14.16.32.09_veh-35_03231_03426,390,1,1,0
2021.06.14.16.32.09_veh-35_03438_03580,284,1,1,0
2021.06.14.16.32.09_veh-35_03635_03792,314,1,0,0
2021.06.14.16.32.09_veh-35_03803_04103,600,1,1,0
2021.06.14.16.32.09_veh-35_04114_04359,490,1,1,0
2021.06.14.16.32.09_veh-35_04370_04488,236,1,0,0
2021.06.14.16.32.09_veh-35_04516_04698,364,1,1,0
2021.06.14.16.32.09_veh-35_04749_05027,556,1,0,0
2021.06.14.16.32.09_veh-35_05038_05402,728,1,1,0
2021.06.14.16.48.02_veh-12_00009_00127,236,1,1,0
2021.06.14.16.48.02_veh-12_00285_00574,578,1,1,0
2021.06.14.16.48.02_veh-12_00585_00672,174,1,1,0
2021.06.14.16.48.02_veh-12_00721_00828,214,1,1,0
2021.06.14.16.48.02_veh-12_00839_00980,282,1,1,0
2021.06.14.16.48.02_veh-12_01020_01720,1400,1,1,0
2021.06.14.16.48.02_veh-12_01732_01853,242,1,1,0
2021.06.14.16.48.02_veh-12_01880_02198,636,1,1,0
2021.06.14.16.48.02_veh-12_02317_02401,168,1,1,0
2021.06.14.16.48.02_veh-12_02412_02506,188,1,1,0
2021.06.14.16.48.02_veh-12_02517_02590,146,1,1,0
2021.06.14.16.48.02_veh-12_02601_02668,134,1,0,0
2021.06.14.16.48.02_veh-12_02679_02850,342,1,0,0
2021.06.14.16.48.02_veh-12_02861_03047,372,1,1,0
2021.06.14.16.48.02_veh-12_03091_03461,740,1,1,0
2021.06.14.16.48.02_veh-12_03472_03779,614,1,1,0
2021.06.14.16.48.02_veh-12_03790_04046,512,1,1,0
2021.06.14.16.48.02_veh-12_04057_04438,762,1,1,0
2021.06.14.16.48.02_veh-12_04492_04604,224,1,1,0
2021.06.14.16.48.02_veh-12_04615_04689,148,1,1,0
2021.06.14.16.48.02_veh-12_04783_04967,368,1,1,0
2021.06.14.16.48.02_veh-12_04978_05337,718,1,1,0
2021.06.14.17.26.26_veh-38_00104_00944,1680,1,1,0
2021.06.14.17.26.26_veh-38_00955_01067,224,1,1,0
2021.06.14.17.26.26_veh-38_01078_01166,176,1,1,0
2021.06.14.17.26.26_veh-38_01177_01256,158,1,1,0
2021.06.14.17.26.26_veh-38_01293_01488,390,1,1,0
2021.06.14.17.26.26_veh-38_01499_01849,700,1,1,0
2021.06.14.17.26.26_veh-38_01860_02729,1738,1,1,0
2021.06.14.17.26.26_veh-38_02740_03036,592,1,1,0
2021.06.14.17.26.26_veh-38_03086_03150,128,1,0,0
2021.06.14.17.26.26_veh-38_03162_03227,130,1,0,0
2021.06.14.17.26.26_veh-38_03238_03403,330,1,1,0
2021.06.14.17.26.26_veh-38_03414_03761,694,1,1,0
2021.06.14.17.26.26_veh-38_03772_03967,390,1,1,0
2021.06.14.17.26.26_veh-38_04030_04274,488,1,0,0
2021.06.14.17.26.26_veh-38_04285_04392,214,1,0,0
2021.06.14.17.26.26_veh-38_04403_04533,260,1,0,0
2021.06.14.17.26.26_veh-38_04544_04920,752,1,1,0
2021.06.14.17.26.26_veh-38_04931_05037,212,1,1,0
2021.06.14.17.26.26_veh-38_05048_05270,444,1,1,0
2021.06.14.17.26.26_veh-38_05281_05444,326,1,1,0
2021.06.14.17.26.26_veh-38_05455_05749,588,1,1,0
2021.06.14.17.26.26_veh-38_05760_05896,272,1,1,0
2021.06.14.18.13.35_veh-26_00027_00215,376,1,1,0
2021.06.14.18.13.35_veh-26_00259_00374,230,1,1,0
2021.06.14.18.13.35_veh-26_00385_00471,172,1,1,0
2021.06.14.18.13.35_veh-26_00522_00702,360,1,1,0
2021.06.14.18.13.35_veh-26_00713_00818,210,1,1,0
2021.06.14.18.13.35_veh-26_00863_00924,122,1,1,0
2021.06.14.18.13.35_veh-26_00954_01050,192,1,1,0
2021.06.14.18.13.35_veh-26_01062_01139,154,1,1,0
2021.06.14.18.13.35_veh-26_01150_01320,340,1,0,0
2021.06.14.18.13.35_veh-26_01331_01526,390,1,1,0
2021.06.14.18.13.35_veh-26_01537_01717,360,1,1,0
2021.06.14.18.13.35_veh-26_01728_01918,380,1,1,0
2021.06.14.18.13.35_veh-26_01931_02022,182,1,1,0
2021.06.14.18.13.35_veh-26_02033_02313,560,1,1,0
2021.06.14.18.13.35_veh-26_02324_02430,212,1,1,0
2021.06.14.18.13.35_veh-26_02441_02514,146,1,1,0
2021.06.14.18.13.35_veh-26_02724_02920,392,1,1,0
2021.06.14.18.13.35_veh-26_03030_03119,178,1,1,0
2021.06.14.18.13.35_veh-26_03130_03197,134,1,1,0
2021.06.14.18.13.35_veh-26_03258_03349,182,1,1,0
2021.06.14.18.13.35_veh-26_03401_03691,580,1,1,0
2021.06.14.18.13.35_veh-26_03853_03946,186,1,1,0
2021.06.14.18.13.35_veh-26_03957_04032,150,1,0,0
2021.06.14.18.13.35_veh-26_04058_04170,224,1,0,0
2021.06.14.18.13.35_veh-26_04204_04323,238,1,0,0
2021.06.14.18.13.35_veh-26_04412_04536,248,1,1,0
2021.06.14.18.13.35_veh-26_04547_04710,326,1,1,0
2021.06.14.18.13.35_veh-26_04721_04800,158,1,0,0
2021.06.14.18.13.35_veh-26_04811_04953,284,1,1,0
2021.06.14.18.13.35_veh-26_04964_05075,222,1,1,0
2021.06.14.18.13.35_veh-26_05205_05275,140,1,0,0
2021.06.14.18.13.35_veh-26_05286_05411,250,1,0,0
2021.06.14.18.13.35_veh-26_05422_05488,132,1,1,0
2021.06.14.18.13.35_veh-26_05600_05660,120,1,1,0
2021.06.14.18.13.35_veh-26_05671_05749,156,1,1,0
2021.06.14.18.33.41_veh-35_00016_00213,394,1,0,0
2021.06.14.18.33.41_veh-35_00224_00344,240,1,0,0
2021.06.14.18.33.41_veh-35_00355_00477,244,1,0,0
2021.06.14.18.33.41_veh-35_00488_00562,148,1,1,0
2021.06.14.18.33.41_veh-35_00573_00643,140,1,1,0
2021.06.14.18.33.41_veh-35_00654_00887,466,1,1,0
2021.06.14.18.33.41_veh-35_00898_01182,568,1,1,0
2021.06.14.18.33.41_veh-35_01193_01304,222,1,1,0
2021.06.14.18.33.41_veh-35_01363_01636,546,1,1,0
2021.06.14.18.33.41_veh-35_01647_01714,134,1,1,0
2021.06.14.18.33.41_veh-35_01739_01918,358,1,1,0
2021.06.14.18.33.41_veh-35_01970_02043,146,1,1,0
2021.06.14.18.33.41_veh-35_02054_02129,150,1,0,0
2021.06.14.18.33.41_veh-35_02140_02328,376,1,1,0
2021.06.14.18.33.41_veh-35_02339_02447,216,1,1,0
2021.06.14.18.33.41_veh-35_02521_03356,1670,1,1,0
2021.06.14.18.33.41_veh-35_03367_03508,282,1,1,0
2021.06.14.18.33.41_veh-35_03575_03668,186,1,1,0
2021.06.14.18.33.41_veh-35_03679_03787,216,1,1,0
2021.06.14.18.33.41_veh-35_03798_03867,138,1,1,0
2021.06.14.18.33.41_veh-35_03901_04264,726,1,1,0
2021.06.14.18.33.41_veh-35_04275_04435,320,1,0,0
2021.06.14.18.33.41_veh-35_04446_04756,620,1,1,0
2021.06.14.18.33.41_veh-35_04768_04894,252,1,1,0
2021.06.14.18.33.41_veh-35_04905_05090,370,1,1,0
2021.06.14.18.42.45_veh-12_00016_00185,338,1,1,0
2021.06.14.18.42.45_veh-12_00364_00501,274,1,0,0
2021.06.14.18.42.45_veh-12_00547_00777,460,1,1,0
2021.06.14.18.42.45_veh-12_00789_00920,262,1,1,0
2021.06.14.18.42.45_veh-12_00968_01052,168,1,1,0
2021.06.14.18.42.45_veh-12_01065_01152,174,1,1,0
2021.06.14.18.42.45_veh-12_01253_01334,162,1,1,0
2021.06.14.18.42.45_veh-12_01345_01523,356,1,1,0
2021.06.14.18.42.45_veh-12_01535_01612,154,1,1,0
2021.06.14.18.42.45_veh-12_01680_01744,128,1,1,0
2021.06.14.18.42.45_veh-12_01762_02072,620,1,1,0
2021.06.14.18.42.45_veh-12_02099_02167,136,1,1,0
2021.06.14.18.42.45_veh-12_02233_02300,134,1,1,0
2021.06.14.18.42.45_veh-12_02318_02407,178,1,0,0
2021.06.14.18.42.45_veh-12_02520_02585,130,1,1,0
2021.06.14.18.42.45_veh-12_02596_02661,130,1,1,0
2021.06.14.18.42.45_veh-12_02737_02967,460,1,1,0
2021.06.14.18.42.45_veh-12_02978_03068,180,1,1,0
2021.06.14.18.42.45_veh-12_03200_03329,258,1,1,0
2021.06.14.18.42.45_veh-12_03340_03403,126,1,0,0
2021.06.14.18.42.45_veh-12_03445_03902,914,1,1,0
2021.06.14.18.42.45_veh-12_03913_04017,208,1,1,0
2021.06.14.18.42.45_veh-12_04086_04221,270,1,1,0
2021.06.14.18.42.45_veh-12_04233_04472,478,1,1,0
2021.06.14.18.42.45_veh-12_04534_04609,150,1,0,0
2021.06.14.18.42.45_veh-12_04620_04742,244,1,1,0
2021.06.14.18.42.45_veh-12_04838_04927,178,1,1,0
2021.06.14.18.42.45_veh-12_05000_05079,158,1,1,0
2021.06.14.18.42.45_veh-12_05170_05261,182,1,1,0
2021.06.14.19.22.11_veh-38_00040_00464,848,1,1,0
2021.06.14.19.22.11_veh-38_00572_00648,152,1,0,0
2021.06.14.19.22.11_veh-38_00675_00889,428,1,1,0
2021.06.14.19.22.11_veh-38_00910_01029,238,1,1,0
2021.06.14.19.22.11_veh-38_01134_01389,510,1,1,0
2021.06.14.19.22.11_veh-38_01400_01469,138,1,0,0
2021.06.14.19.22.11_veh-38_01480_01860,760,1,1,0
2021.06.14.19.22.11_veh-38_01871_02040,338,1,1,0
2021.06.14.19.22.11_veh-38_02051_02264,426,1,1,0
2021.06.14.19.22.11_veh-38_02275_02455,360,1,1,0
2021.06.14.19.22.11_veh-38_02466_02675,418,1,1,0
2021.06.14.19.22.11_veh-38_02686_02846,320,1,0,0
2021.06.14.19.22.11_veh-38_02857_03230,746,1,1,0
2021.06.14.19.22.11_veh-38_03242_03907,1330,1,1,0
2021.06.14.20.14.09_veh-26_00024_00237,426,1,1,0
2021.06.14.20.14.09_veh-26_00248_00477,458,1,1,0
2021.06.14.20.14.09_veh-26_00488_00601,226,1,0,0
2021.06.14.20.14.09_veh-26_00612_01016,808,1,1,0
2021.06.14.20.14.09_veh-26_01027_01110,166,1,1,0
2021.06.14.20.14.09_veh-26_01121_01211,180,1,0,0
2021.06.23.14.06.20_veh-26_00020_01142,2244,1,1,0
2021.06.23.14.06.20_veh-26_01192_01541,698,1,1,0
2021.06.23.14.06.20_veh-26_01563_02494,1862,1,1,0
2021.06.23.14.06.20_veh-26_02505_02775,540,1,1,0
2021.06.23.14.54.32_veh-16_00016_00290,548,1,1,0
2021.06.23.14.54.32_veh-16_00301_00410,218,1,1,0
2021.06.23.14.54.32_veh-16_00421_00625,408,1,1,0
2021.06.23.14.54.32_veh-16_00636_00840,408,1,1,0
2021.06.23.14.54.32_veh-16_00862_01000,276,1,1,0
2021.06.23.14.54.32_veh-16_01011_01166,310,1,1,0
2021.06.23.14.54.32_veh-16_01187_03336,4298,1,1,0
2021.06.23.14.58.13_veh-35_00016_00153,274,1,1,0
2021.06.23.14.58.13_veh-35_00175_00744,1138,1,1,0
2021.06.23.14.58.13_veh-35_00765_01108,686,1,1,0
2021.06.23.14.58.13_veh-35_01130_01820,1380,1,1,0
2021.06.23.14.58.13_veh-35_01831_02026,390,1,1,0
2021.06.23.14.58.13_veh-35_02037_04783,5492,1,1,0
2021.06.23.15.18.10_veh-26_00016_00143,254,1,1,0
2021.06.23.15.18.10_veh-26_00165_02848,5366,1,1,0
2021.06.23.15.56.12_veh-16_00066_00818,1504,1,1,0
2021.06.23.15.56.12_veh-16_00839_01285,892,1,1,0
2021.06.23.15.56.12_veh-16_01308_04289,5962,1,1,0
2021.06.23.16.52.00_veh-26_00038_00602,1128,1,1,0
2021.06.23.16.52.00_veh-26_00624_00817,386,1,1,0
2021.06.23.16.52.00_veh-26_00828_01032,408,1,0,0
2021.06.23.16.52.00_veh-26_01043_03099,4112,1,1,0
2021.06.23.16.52.00_veh-26_03120_03293,346,1,1,0
2021.06.23.16.52.00_veh-26_03304_03611,614,1,1,0
2021.06.23.16.54.19_veh-35_00016_00755,1478,1,1,0
2021.06.23.16.54.19_veh-35_00808_01256,896,1,1,0
2021.06.23.16.54.19_veh-35_01277_01592,630,1,1,0
2021.06.23.16.54.19_veh-35_01603_03271,3336,1,1,0
2021.06.23.16.54.19_veh-35_03299_03425,252,1,1,0
2021.06.23.16.54.19_veh-35_03436_03683,494,1,1,0
2021.06.23.16.54.19_veh-35_03705_04009,608,1,1,0
2021.06.23.17.31.36_veh-16_00016_00377,722,1,1,0
2021.06.23.17.31.36_veh-16_00398_00623,450,1,1,0
2021.06.23.17.31.36_veh-16_00634_01421,1574,1,1,0
2021.06.23.17.31.36_veh-16_01443_01606,326,1,1,0
2021.06.23.17.31.36_veh-16_01617_01791,348,1,1,0
2021.06.23.17.31.36_veh-16_01812_01883,142,1,0,0
2021.06.23.17.31.36_veh-16_01904_02129,450,1,1,0
2021.06.23.17.31.36_veh-16_02150_02774,1248,1,1,0
2021.06.23.17.31.36_veh-16_02795_04024,2458,1,1,0
2021.06.23.18.23.38_veh-26_00069_00642,1146,1,1,0
2021.06.23.18.23.38_veh-26_00663_01217,1108,1,1,0
2021.06.23.18.23.38_veh-26_01238_01416,356,1,1,0
2021.06.23.18.23.38_veh-26_01438_01758,640,1,0,0
2021.06.23.18.23.38_veh-26_01769_01925,312,1,1,0
2021.06.23.20.00.35_veh-35_00016_00119,206,1,1,0
2021.06.23.20.00.35_veh-35_00130_00949,1638,1,1,0
2021.06.23.20.00.35_veh-35_00960_03649,5378,1,1,0
2021.06.23.20.00.35_veh-35_03660_04140,960,1,1,0
2021.06.23.20.00.35_veh-35_04162_04257,190,1,1,0
2021.06.23.20.43.31_veh-16_00016_00216,400,1,0,0
2021.06.23.20.43.31_veh-16_00238_00577,678,1,0,0
2021.06.23.20.43.31_veh-16_00588_00792,408,1,0,0
2021.06.23.20.43.31_veh-16_00803_02194,2782,1,0,0
2021.06.23.20.43.31_veh-16_02216_02667,902,1,0,0
2021.06.23.20.43.31_veh-16_02678_03586,1816,1,0,0
2021.06.23.20.43.31_veh-16_03607_04007,800,1,0,0
2021.06.23.21.56.29_veh-35_00097_00209,224,1,1,0
2021.06.23.21.56.29_veh-35_00220_00936,1432,1,1,0
2021.06.23.21.56.29_veh-35_00947_01581,1268,1,1,0
2021.06.23.21.56.29_veh-35_01603_02401,1596,1,1,0
2021.06.23.21.56.29_veh-35_02412_03161,1498,1,1,0
2021.06.23.22.05.48_veh-16_00015_00276,522,1,1,0
2021.06.23.22.05.48_veh-16_00287_00591,608,1,1,0
2021.06.23.22.05.48_veh-16_00602_00800,396,1,1,0
2021.06.28.13.53.26_veh-26_00492_00696,408,1,0,1
2021.06.28.15.02.02_veh-38_02398_02848,900,1,0,1
2021.06.28.15.10.57_veh-16_02438_02580,284,1,0,1
2021.06.28.16.29.11_veh-38_00022_00368,692,1,0,1
2021.06.28.16.29.11_veh-38_01415_01821,812,1,0,1
2021.06.28.16.29.11_veh-38_03263_03766,1006,1,0,1
2021.06.28.16.57.59_veh-26_00016_00484,936,1,0,1
2021.06.28.18.03.27_veh-14_00620_01581,1922,1,0,1
2021.06.28.20.24.43_veh-38_00369_00601,464,1,0,1
2021.06.28.20.24.43_veh-38_03385_04952,3134,1,0,1
2021.06.28.21.16.05_veh-14_00957_01198,482,1,0,1
2021.06.28.21.47.53_veh-35_00280_00424,288,1,0,1
2021.07.09.01.37.16_veh-26_00692_00762,140,1,1,0
2021.07.09.01.37.16_veh-26_00936_00996,120,1,0,0
2021.07.09.01.37.16_veh-26_01336_01396,120,1,1,0
2021.07.09.01.37.16_veh-26_01726_01793,134,1,1,0
2021.07.09.01.37.16_veh-26_02856_02932,152,1,0,0
2021.07.09.01.37.16_veh-26_03306_03373,134,1,1,0
2021.07.09.01.37.16_veh-26_03432_03503,142,1,1,0
2021.07.09.01.37.16_veh-26_04224_04293,138,1,0,0
2021.07.09.01.37.16_veh-26_04675_04767,184,1,1,0
2021.07.09.01.37.16_veh-26_04815_04878,126,1,1,0
2021.07.09.01.37.16_veh-26_05530_05595,130,1,0,0
2021.07.09.01.37.16_veh-26_05710_05791,162,1,0,0
2021.07.09.02.42.50_veh-35_00038_02629,5182,1,1,0
2021.07.09.02.42.50_veh-35_02651_02770,238,1,1,0
2021.07.09.15.53.28_veh-38_00053_00163,220,1,0,0
2021.07.09.15.53.28_veh-38_00184_02293,4218,1,1,0
2021.07.09.15.53.28_veh-38_02316_03434,2236,1,1,0
2021.07.09.15.53.28_veh-38_03528_04262,1468,1,1,0
2021.07.09.15.53.28_veh-38_04273_04767,988,1,1,0
2021.07.09.15.53.28_veh-38_04778_04886,216,1,1,0
2021.07.09.16.12.19_veh-26_02509_02592,166,1,1,0
2021.07.09.16.12.19_veh-26_02985_03053,136,1,0,0
2021.07.09.16.12.19_veh-26_04434_04498,128,1,1,0
2021.07.09.16.12.19_veh-26_05071_05149,156,1,1,0
2021.07.09.16.12.19_veh-26_06527_06591,128,1,0,0
2021.07.09.16.12.19_veh-26_06964_07035,142,1,1,0
2021.07.09.16.12.19_veh-26_07208_07271,126,1,1,0
2021.07.09.17.06.37_veh-35_00049_00237,376,1,1,0
2021.07.09.17.06.37_veh-35_00258_00748,980,1,1,0
2021.07.09.17.06.37_veh-35_00769_00907,276,1,1,0
2021.07.09.17.06.37_veh-35_00928_02567,3278,1,1,0
2021.07.09.17.06.37_veh-35_02609_05015,4812,1,1,0
2021.07.09.17.06.37_veh-35_05026_05593,1134,1,1,0
2021.07.09.20.26.06_veh-35_00016_01757,3482,1,1,0
2021.07.09.20.26.06_veh-35_01768_02782,2028,1,1,0
2021.07.09.20.26.06_veh-35_02793_03289,992,1,1,0
2021.07.09.20.26.06_veh-35_03314_03877,1126,1,1,0
2021.07.09.20.26.06_veh-35_03898_05974,4152,1,1,0
2021.07.09.20.59.12_veh-38_00113_00669,1112,1,1,0
2021.07.09.20.59.12_veh-38_00690_00762,144,1,0,0
2021.07.09.20.59.12_veh-38_00773_01187,828,1,1,0
2021.07.09.20.59.12_veh-38_01208_01692,968,1,1,0
2021.07.09.20.59.12_veh-38_01713_01842,258,1,1,0
2021.07.09.20.59.12_veh-38_01853_02043,380,1,1,0
2021.07.09.20.59.12_veh-38_02064_03281,2434,1,1,0
2021.07.09.20.59.12_veh-38_03292_04331,2078,1,1,0
2021.07.09.20.59.12_veh-38_04342_05676,2668,1,1,0
2021.07.09.20.59.12_veh-38_05697_06861,2328,1,1,0
2021.07.09.20.59.12_veh-38_06872_07220,696,1,1,0
2021.07.09.20.59.12_veh-38_07245_07341,192,1,1,0
2021.07.09.23.23.48_veh-26_00054_01295,2482,1,1,0
2021.07.09.23.23.48_veh-26_01319_01432,226,1,1,0
2021.07.09.23.23.48_veh-26_01454_02217,1526,1,1,0
2021.07.09.23.23.48_veh-26_02228_04624,4792,1,1,0
2021.07.09.23.23.48_veh-26_04648_06327,3358,1,1,0
2021.07.16.00.24.14_veh-38_00094_00346,504,1,1,0
2021.07.16.00.24.14_veh-38_00367_01154,1574,1,1,0
2021.07.16.00.24.14_veh-38_01165_01425,520,1,1,0
2021.07.16.00.24.14_veh-38_01447_01621,348,1,1,0
2021.07.16.00.51.05_veh-17_00023_01331,2616,1,1,0
2021.07.16.00.51.05_veh-17_01352_01901,1098,1,1,0
2021.07.16.00.51.05_veh-17_01938_03243,2610,1,1,0
2021.07.16.00.51.05_veh-17_03264_05261,3994,1,1,0
2021.07.16.01.22.41_veh-14_00015_00547,1064,1,1,0
2021.07.16.01.22.41_veh-14_00572_01716,2288,1,1,0
2021.07.16.01.22.41_veh-14_01737_01980,486,1,1,0
2021.07.16.01.22.41_veh-14_02003_02615,1224,1,1,0
2021.07.16.01.22.41_veh-14_02626_04289,3326,1,1,0
2021.07.16.01.22.41_veh-14_04315_07102,5574,1,1,0
2021.07.16.02.53.40_veh-17_00016_01588,3144,1,1,0
2021.07.16.16.01.30_veh-38_00016_00333,634,1,1,0
2021.07.16.16.01.30_veh-38_00356_02486,4260,1,1,0
2021.07.16.16.01.30_veh-38_02497_03871,2748,1,1,0
2021.07.16.16.01.30_veh-38_03893_05253,2720,1,1,0
2021.07.16.16.01.30_veh-38_05274_05744,940,1,1,0
2021.07.16.16.01.30_veh-38_05766_06843,2154,1,1,0
2021.07.16.16.08.35_veh-35_00132_00784,1304,1,1,0
2021.07.16.16.08.35_veh-35_00805_01292,974,1,1,0
2021.07.16.16.08.35_veh-35_01303_01641,676,1,1,0
2021.07.16.16.08.35_veh-35_01664_02376,1424,1,1,0
2021.07.16.16.08.35_veh-35_02397_02540,286,1,1,0
2021.07.16.16.08.35_veh-35_02551_02640,178,1,1,0
2021.07.16.16.08.35_veh-35_02651_03700,2098,1,1,0
2021.07.16.16.08.35_veh-35_03711_04709,1996,1,1,0
2021.07.16.16.08.35_veh-35_04744_06051,2614,1,1,0
2021.07.16.16.27.22_veh-26_00016_01515,2998,1,1,0
2021.07.16.16.27.22_veh-26_01536_02260,1448,1,1,0
2021.07.16.16.27.22_veh-26_02282_03814,3064,1,1,0
2021.07.16.16.27.22_veh-26_03836_05047,2422,1,1,0
2021.07.16.16.27.22_veh-26_05058_05383,650,1,1,0
2021.07.16.16.27.22_veh-26_05416_05596,360,1,1,0
2021.07.16.18.06.21_veh-38_00016_00747,1462,1,1,0
2021.07.16.18.06.21_veh-38_00770_01505,1470,1,1,0
2021.07.16.18.06.21_veh-38_01526_02150,1248,1,1,0
2021.07.16.18.06.21_veh-38_02197_03220,2046,1,1,0
2021.07.16.18.06.21_veh-38_03231_03712,962,1,1,0
2021.07.16.18.06.21_veh-38_03733_04300,1134,1,1,0
2021.07.16.18.06.21_veh-38_04311_04460,298,1,1,0
2021.07.16.18.06.21_veh-38_04471_04922,902,1,1,0
2021.07.16.18.06.21_veh-38_04933_05307,748,1,1,0
2021.07.16.18.06.21_veh-38_05338_05486,296,1,1,0
2021.07.16.18.19.22_veh-35_00023_00234,422,1,1,0
2021.07.16.18.19.22_veh-35_00255_00418,326,1,1,0
2021.07.16.18.19.22_veh-35_00440_00858,836,1,1,0
2021.07.16.18.19.22_veh-35_00869_03454,5170,1,1,0
2021.07.16.18.49.56_veh-26_00015_00235,440,1,1,0
2021.07.16.18.49.56_veh-26_00256_00822,1132,1,1,0
2021.07.16.18.49.56_veh-26_00833_03384,5102,1,1,0
2021.07.16.18.49.56_veh-26_03407_03538,262,1,1,0
2021.07.16.20.45.29_veh-35_00016_00589,1146,1,1,0
2021.07.16.20.45.29_veh-35_00600_01084,968,1,1,0
2021.07.16.20.45.29_veh-35_01095_01486,782,1,1,0
2021.07.16.20.45.29_veh-35_01513_02486,1946,1,1,0
2021.07.16.20.45.29_veh-35_02509_02649,280,1,1,0
2021.07.16.21.17.55_veh-26_00715_00781,132,1,1,0
2021.07.16.21.17.55_veh-26_00872_00937,130,1,1,0
2021.07.16.21.17.55_veh-26_01014_01075,122,1,1,0
2021.07.16.21.17.55_veh-26_01392_01488,192,1,1,0
2021.07.16.21.17.55_veh-26_02927_02992,130,1,1,0
2021.07.16.21.17.55_veh-26_03254_03336,164,1,1,0
2021.07.16.21.17.55_veh-26_03772_03842,140,1,1,0
2021.07.16.21.17.55_veh-26_03860_03930,140,1,1,0
2021.07.16.21.17.55_veh-26_04426_04488,124,1,0,0
2021.07.16.21.17.55_veh-26_05156_05225,138,1,0,0
2021.07.16.21.17.55_veh-26_05558_05627,138,1,0,0
2021.07.16.22.40.23_veh-38_00016_00182,332,1,1,0
2021.07.16.22.40.23_veh-38_00204_00360,312,1,1,0
2021.07.16.22.40.23_veh-38_00371_00797,852,1,1,0
2021.07.16.22.40.23_veh-38_00818_03032,4428,1,1,0
2021.07.16.23.22.27_veh-14_00015_01368,2706,1,0,0
2021.07.16.23.22.27_veh-14_01383_01479,192,1,0,0
2021.07.16.23.22.27_veh-14_01502_01610,216,1,0,0
2021.07.16.23.22.27_veh-14_01631_03833,4404,1,0,0
2021.07.16.23.22.27_veh-14_03844_04474,1260,1,0,0
2021.07.16.23.22.27_veh-14_04496_06203,3414,1,0,0
2021.07.16.23.22.27_veh-14_06214_06318,208,1,0,0
2021.07.16.23.22.27_veh-14_06339_07673,2668,1,0,0
2021.07.24.16.07.03_veh-35_01649_01813,0,0,1,0
2021.07.24.16.48.51_veh-17_00016_00166,300,1,1,0
2021.07.24.18.06.35_veh-35_03664_03799,0,0,1,0
2021.07.24.20.37.45_veh-17_00015_00375,0,0,1,0
2021.07.24.22.52.16_veh-35_03236_04096,0,0,1,0
2021.07.24.23.50.16_veh-17_01696_02071,0,0,1,0
2021.08.09.17.55.59_veh-28_00021_00307,0,0,1,0
2021.08.09.17.55.59_veh-28_00320_00544,0,0,1,0
2021.08.09.17.55.59_veh-28_00558_00680,0,0,1,0
2021.08.09.17.55.59_veh-28_00691_00876,0,0,1,0
2021.08.09.17.55.59_veh-28_01065_01167,0,0,1,0
2021.08.09.18.37.41_veh-28_00053_00548,0,0,1,0
2021.08.09.18.37.41_veh-28_00648_00730,0,0,1,0
2021.08.16.14.23.37_veh-45_00015_00132,234,1,0,1
2021.08.17.13.10.50_veh-08_00122_00295,346,1,1,0
2021.08.17.13.10.50_veh-08_00313_00564,502,1,1,0
2021.08.17.13.10.50_veh-08_00726_01027,602,1,1,0
2021.08.17.13.10.50_veh-08_01060_01340,560,1,1,0
2021.08.17.13.15.12_veh-45_00168_00302,268,1,1,0
2021.08.17.13.15.12_veh-45_00324_00489,330,1,1,0
2021.08.17.13.15.12_veh-45_00565_00643,156,1,1,0
2021.08.17.13.15.12_veh-45_00691_00794,206,1,1,0
2021.08.17.13.15.12_veh-45_00819_00884,130,1,1,0
2021.08.17.13.15.12_veh-45_00925_00987,124,1,1,0
2021.08.17.13.15.12_veh-45_01049_01467,836,1,1,0
2021.08.17.13.15.12_veh-45_01517_01668,302,1,1,0
2021.08.17.13.15.12_veh-45_01679_01816,274,1,1,0
2021.08.17.13.15.12_veh-45_02025_02103,156,1,1,0
2021.08.17.13.15.12_veh-45_02124_02293,338,1,1,0
2021.08.17.13.15.12_veh-45_02304_02650,692,1,1,0
2021.08.17.14.32.33_veh-08_00016_00354,676,1,1,0
2021.08.17.14.32.33_veh-08_00390_00468,156,1,1,0
2021.08.17.14.32.33_veh-08_00521_01051,1060,1,1,0
2021.08.17.14.32.33_veh-08_01072_01231,318,1,1,0
2021.08.17.14.32.33_veh-08_01262_01528,532,1,1,0
2021.08.17.14.32.33_veh-08_01576_01919,686,1,1,0
2021.08.17.14.45.12_veh-42_00092_00301,418,1,1,0
2021.08.17.14.45.12_veh-42_00312_00531,438,1,1,0
2021.08.17.14.45.12_veh-42_00542_00803,522,1,1,0
2021.08.17.14.45.12_veh-42_00831_01079,496,1,1,0
2021.08.17.14.45.12_veh-42_01119_01535,832,1,1,0
2021.08.17.14.45.12_veh-42_01562_01754,384,1,1,0
2021.08.17.14.45.12_veh-42_01866_01999,266,1,1,0
2021.08.17.15.02.08_veh-45_00167_00480,626,1,0,0
2021.08.17.15.02.08_veh-45_00505_00606,202,1,0,0
2021.08.17.15.02.08_veh-45_00723_00823,200,1,0,0
2021.08.17.15.02.08_veh-45_00860_01324,928,1,0,0
2021.08.17.15.02.08_veh-45_01348_01731,766,1,0,0
2021.08.17.15.02.08_veh-45_01756_01966,420,1,0,0
2021.08.17.15.02.08_veh-45_02003_02086,166,1,0,0
2021.08.17.15.02.08_veh-45_02111_02303,384,1,0,0
2021.08.17.15.02.08_veh-45_02452_02521,138,1,0,0
2021.08.17.16.48.45_veh-43_00114_00415,602,1,1,0
2021.08.17.16.48.45_veh-43_00451_00871,840,1,1,0
2021.08.17.16.48.45_veh-43_00936_01035,198,1,1,0
2021.08.17.16.48.45_veh-43_01060_01405,690,1,1,0
2021.08.17.16.48.45_veh-43_01439_01665,452,1,1,0
2021.08.17.16.48.45_veh-43_01676_01764,176,1,1,0
2021.08.17.16.48.45_veh-43_01837_02038,402,1,1,0
2021.08.17.16.48.45_veh-43_02070_02652,1164,1,1,0
2021.08.17.16.48.45_veh-43_02693_03062,738,1,1,0
2021.08.17.16.48.45_veh-43_03137_03245,216,1,1,0
2021.08.17.16.48.45_veh-43_03268_03352,168,1,1,0
2021.08.17.16.48.45_veh-43_03384_03788,808,1,1,0
2021.08.17.16.57.11_veh-08_00206_00331,250,1,1,0
2021.08.17.16.57.11_veh-08_00354_01167,1626,1,1,0
2021.08.17.16.57.11_veh-08_01200_01636,872,1,1,0
2021.08.17.17.17.01_veh-45_00123_00191,136,1,1,0
2021.08.17.17.17.01_veh-45_00207_00594,774,1,1,0
2021.08.17.17.17.01_veh-45_00762_01166,808,1,1,0
2021.08.17.17.17.01_veh-45_01207_01417,420,1,1,0
2021.08.17.17.17.01_veh-45_01443_01678,470,1,1,0
2021.08.17.17.17.01_veh-45_01796_02069,546,1,1,0
2021.08.17.17.17.01_veh-45_02098_02251,306,1,1,0
2021.08.17.17.17.01_veh-45_02314_02798,968,1,1,0
2021.08.17.17.55.18_veh-43_00016_00083,134,1,1,0
2021.08.17.17.55.18_veh-43_00122_00325,406,1,1,0
2021.08.17.17.55.18_veh-43_00358_00673,630,1,1,0
2021.08.17.17.55.18_veh-43_00802_01030,456,1,1,0
2021.08.17.17.55.18_veh-43_01240_01704,928,1,1,0
2021.08.17.18.11.12_veh-08_00083_00200,234,1,1,0
2021.08.17.18.11.12_veh-08_00234_00611,754,1,1,0
2021.08.17.18.11.12_veh-08_00629_01599,1940,1,1,0
2021.08.17.18.11.12_veh-08_01622_01709,174,1,1,0
2021.08.17.18.13.38_veh-45_00016_00127,222,1,1,0
2021.08.17.18.13.38_veh-45_00151_00387,472,1,1,0
2021.08.17.18.13.38_veh-45_00410_00618,416,1,1,0
2021.08.17.18.13.38_veh-45_00641_00881,480,1,1,0
2021.08.17.18.13.38_veh-45_00946_01854,1816,1,1,0
2021.08.17.18.43.12_veh-43_00125_00805,1360,1,0,0
2021.08.17.18.43.12_veh-43_01023_01358,670,1,0,0
2021.08.17.18.43.12_veh-43_01390_01589,398,1,0,0
2021.08.17.18.43.12_veh-43_01611_01812,402,1,0,0
2021.08.17.18.43.12_veh-43_01906_02722,1632,1,0,0
2021.08.17.18.43.12_veh-43_02784_02851,134,1,0,0
2021.08.17.18.43.12_veh-43_02889_03258,738,1,0,0
2021.08.17.18.43.12_veh-43_03294_03490,392,1,0,0
2021.08.17.18.44.32_veh-08_00016_00564,1096,1,1,0
2021.08.17.18.44.32_veh-08_00586_00848,524,1,1,0
2021.08.17.18.44.32_veh-08_00873_01540,1334,1,1,0
2021.08.17.18.54.02_veh-45_00016_00304,576,1,1,0
2021.08.17.18.54.02_veh-45_00511_00579,136,1,1,0
2021.08.17.18.54.02_veh-45_00665_01065,800,1,1,0
2021.08.17.18.54.02_veh-45_01103_01238,270,1,1,0
2021.08.17.18.54.02_veh-45_01261_02086,1650,1,1,0
2021.08.17.18.54.02_veh-45_02105_02189,168,1,1,0
2021.08.17.18.54.02_veh-45_02202_02416,428,1,1,0
2021.08.17.19.18.39_veh-08_00118_00178,120,1,1,0
2021.08.17.19.18.39_veh-08_00208_00380,344,1,1,0
2021.08.17.19.18.39_veh-08_00407_00595,376,1,1,0
2021.08.17.19.18.39_veh-08_00696_00823,254,1,1,0
2021.08.24.14.25.28_veh-42_00333_00472,0,0,1,0
2021.08.24.14.35.46_veh-45_00011_00162,0,0,1,0
2021.08.24.14.35.46_veh-45_00549_00693,0,0,1,0
2021.08.24.14.35.46_veh-45_01568_01663,0,0,1,0
2021.08.24.15.09.18_veh-45_00216_00862,0,0,1,0
2021.08.24.17.01.06_veh-45_00228_00689,0,0,1,0
2021.08.24.17.01.06_veh-45_01557_01681,0,0,1,0
2021.08.24.17.34.27_veh-45_00808_00993,0,0,1,0
2021.08.24.17.34.27_veh-45_01478_01553,0,0,1,0
2021.08.24.17.37.11_veh-08_02359_02623,0,0,1,0
2021.08.24.18.07.48_veh-45_00203_00300,0,0,1,0
2021.08.24.18.07.48_veh-45_00873_01142,0,0,1,0
2021.08.24.18.07.48_veh-45_01504_01722,0,0,1,0
2021.08.24.18.30.46_veh-08_01674_01850,0,0,1,0
2021.08.24.18.30.46_veh-08_01985_02093,0,0,1,0
2021.08.24.18.30.46_veh-08_02327_02583,0,0,1,0
2021.08.24.18.30.46_veh-08_02605_02732,0,0,1,0
2021.08.24.19.30.33_veh-45_00290_00484,0,0,1,0
2021.08.24.19.30.33_veh-45_01391_01523,0,0,1,0
2021.08.24.20.03.01_veh-45_00021_00143,0,0,1,0
2021.08.24.20.03.01_veh-45_00171_00238,0,0,1,0
2021.08.24.20.03.01_veh-45_00269_00428,0,0,1,0
2021.08.24.20.03.01_veh-45_00463_00588,0,0,1,0
2021.08.24.20.03.01_veh-45_00687_00787,0,0,1,0
2021.08.24.20.03.01_veh-45_00824_00888,0,0,1,0
2021.08.30.13.45.25_veh-40_00520_00595,150,1,0,1
2021.08.30.13.45.25_veh-40_00610_00771,322,1,0,1
2021.08.30.13.45.25_veh-40_00784_00867,166,1,0,1
2021.08.30.13.45.25_veh-40_00878_01104,452,1,0,1
2021.08.30.13.45.25_veh-40_01116_01336,440,1,0,1
2021.08.30.14.54.34_veh-40_00334_00419,170,1,0,1
2021.08.30.14.54.34_veh-40_00439_00835,792,1,0,1
2021.08.30.14.54.34_veh-40_00885_00986,202,1,0,1
2021.08.30.16.16.44_veh-40_00256_00716,920,1,0,1
2021.08.30.16.16.44_veh-40_00779_01088,618,1,0,1
2021.08.30.16.16.44_veh-40_01099_01351,504,1,0,1
2021.08.31.11.47.30_veh-40_00248_00376,0,0,1,0
2021.08.31.11.47.30_veh-40_00393_00847,0,0,1,0
2021.08.31.11.47.30_veh-40_00919_01000,0,0,1,0
2021.08.31.11.47.30_veh-40_01146_01347,0,0,1,0
2021.08.31.11.47.30_veh-40_01362_01737,0,0,1,0
2021.08.31.12.21.30_veh-40_00056_00155,0,0,1,0
2021.08.31.12.21.30_veh-40_00248_00367,0,0,1,0
2021.08.31.12.21.30_veh-40_00378_00527,0,0,1,0
2021.08.31.12.21.30_veh-40_00538_00638,0,0,1,0
2021.08.31.12.21.30_veh-40_00661_00762,0,0,1,0
2021.08.31.12.21.30_veh-40_01485_01676,0,0,1,0
2021.08.31.12.54.56_veh-40_00024_00106,0,0,1,0
2021.08.31.12.54.56_veh-40_00305_00667,0,0,1,0
2021.08.31.12.54.56_veh-40_00725_00909,0,0,1,0
2021.08.31.12.54.56_veh-40_00921_01014,0,0,1,0
2021.08.31.12.54.56_veh-40_01056_01183,0,0,1,0
2021.08.31.13.27.52_veh-40_00058_00145,0,0,1,0
2021.08.31.13.27.52_veh-40_00186_00414,0,0,1,0
2021.08.31.13.27.52_veh-40_00688_00750,0,0,1,0
2021.08.31.13.27.52_veh-40_00869_01319,0,0,1,0
2021.08.31.13.27.52_veh-40_01330_01491,0,0,1,0
2021.08.31.13.27.52_veh-40_01615_01687,0,0,1,0
2021.08.31.14.01.15_veh-40_00304_00384,0,0,1,0
2021.08.31.14.01.15_veh-40_00407_00497,0,0,1,0
2021.08.31.14.01.15_veh-40_00573_00681,0,0,1,0
2021.08.31.14.01.15_veh-40_00692_00977,0,0,1,0
2021.08.31.14.01.15_veh-40_01109_01272,0,0,1,0
2021.08.31.14.01.15_veh-40_01576_01714,0,0,1,0
2021.08.31.14.40.58_veh-40_00016_00084,0,0,1,0
2021.08.31.14.40.58_veh-40_00125_00269,0,0,1,0
2021.08.31.14.40.58_veh-40_00285_00456,0,0,1,0
2021.08.31.14.40.58_veh-40_00467_00668,0,0,1,0
2021.08.31.14.40.58_veh-40_00679_00892,0,0,1,0
2021.08.31.14.40.58_veh-40_01022_01255,0,0,1,0
2021.08.31.14.40.58_veh-40_01268_01618,0,0,1,0
2021.08.31.16.37.21_veh-40_00016_00099,0,0,1,0
2021.08.31.16.37.21_veh-40_00110_00187,0,0,1,0
2021.08.31.16.37.21_veh-40_00198_00265,0,0,1,0
2021.08.31.16.37.21_veh-40_00277_00417,0,0,1,0
2021.08.31.16.37.21_veh-40_00429_00541,0,0,1,0
2021.08.31.16.37.21_veh-40_00554_00733,0,0,1,0
2021.08.31.16.37.21_veh-40_00798_00955,0,0,1,0
2021.08.31.16.37.21_veh-40_01101_01177,0,0,1,0
2021.08.31.16.37.21_veh-40_01247_01379,0,0,1,0
2021.08.31.16.37.21_veh-40_01405_01642,0,0,1,0
2021.08.31.16.37.21_veh-40_01655_01736,0,0,1,0
2021.08.31.17.42.52_veh-40_00389_00526,0,0,1,0
2021.08.31.17.42.52_veh-40_00551_00680,0,0,1,0
2021.08.31.17.42.52_veh-40_00833_00953,0,0,1,0
2021.08.31.17.42.52_veh-40_01033_01313,0,0,1,0
2021.08.31.17.42.52_veh-40_01331_01444,0,0,1,0
2021.08.31.17.42.52_veh-40_01551_01684,0,0,1,0
2021.08.31.18.15.54_veh-40_00038_00199,0,0,1,0
2021.08.31.18.15.54_veh-40_00227_00324,0,0,1,0
2021.08.31.18.15.54_veh-40_00335_00568,0,0,1,0
2021.08.31.18.15.54_veh-40_00579_00980,0,0,1,0
2021.08.31.18.15.54_veh-40_01010_01094,0,0,1,0
2021.08.31.18.15.54_veh-40_01143_01496,0,0,1,0
2021.09.09.14.18.22_veh-48_00221_00299,156,1,0,1
2021.09.09.14.18.22_veh-48_00322_00895,1146,1,0,1
2021.09.09.14.18.22_veh-48_00960_01115,310,1,0,1
2021.09.09.14.18.22_veh-48_01298_01492,388,1,0,1
2021.09.09.14.18.22_veh-48_01503_01761,516,1,0,1
2021.09.09.14.18.22_veh-48_01775_01866,182,1,0,1
2021.09.09.17.18.51_veh-48_00098_00328,460,1,0,1
2021.09.09.17.18.51_veh-48_00574_00646,144,1,0,1
2021.09.09.17.18.51_veh-48_00657_00876,438,1,0,1
2021.09.09.17.18.51_veh-48_00889_01147,516,1,0,1
2021.09.09.17.18.51_veh-48_01173_01237,128,1,0,1
2021.09.09.17.18.51_veh-48_01248_01450,404,1,0,1
2021.09.09.17.18.51_veh-48_01462_01552,180,1,0,1
2021.09.09.18.04.06_veh-40_00555_00731,352,1,0,1
2021.09.09.18.04.06_veh-40_00743_01071,656,1,0,1
2021.09.09.18.04.06_veh-40_01340_01425,170,1,0,1
2021.09.09.18.29.25_veh-39_00427_00556,258,1,0,1
2021.09.09.18.29.25_veh-39_00569_00903,668,1,0,1
2021.09.09.18.29.25_veh-39_00969_01184,430,1,0,1
2021.09.09.18.29.25_veh-39_01622_01766,288,1,0,1
2021.09.09.18.38.12_veh-40_00015_00156,282,1,0,1
2021.09.09.18.38.12_veh-40_01247_01425,356,1,0,1
2021.09.09.18.38.12_veh-40_01437_01622,370,1,0,1
2021.09.09.19.10.24_veh-39_00148_00372,448,1,0,1
2021.09.09.19.10.24_veh-39_00489_00629,280,1,0,1
2021.09.09.19.10.24_veh-39_00664_01059,790,1,0,1
2021.09.09.19.10.24_veh-39_01125_01324,398,1,0,1
2021.09.09.19.10.24_veh-39_01406_01487,162,1,0,1
2021.09.09.19.10.24_veh-39_01746_01868,244,1,0,1
2021.09.14.15.03.51_veh-45_00178_00336,0,0,1,0
2021.09.14.15.03.51_veh-45_00390_00585,0,0,1,0
2021.09.14.16.46.51_veh-45_00149_00900,0,0,1,0
2021.09.14.16.46.51_veh-45_02322_02510,0,0,1,0
2021.09.14.18.43.41_veh-45_00885_00952,0,0,1,0
2021.09.14.18.43.41_veh-45_00965_01195,0,0,1,0
2021.09.14.18.43.41_veh-45_01245_01529,0,0,1,0
2021.09.14.18.43.41_veh-45_02296_02477,0,0,1,0
2021.09.14.18.43.41_veh-45_02503_03013,0,0,1,0
2021.09.14.19.46.05_veh-45_01937_02119,0,0,1,0
2021.09.14.20.42.30_veh-45_00464_00579,0,0,1,0
2021.09.14.20.42.30_veh-45_00805_01078,0,0,1,0
2021.09.14.20.42.30_veh-45_01097_01242,0,0,1,0
2021.09.14.20.42.30_veh-45_01603_01670,0,0,1,0
2021.09.15.11.49.23_veh-28_00081_00237,312,1,1,0
2021.09.15.11.49.23_veh-28_00280_00506,452,1,1,0
2021.09.15.11.49.23_veh-28_00520_00669,298,1,1,0
2021.09.15.11.49.23_veh-28_00767_00955,376,1,1,0
2021.09.15.11.49.23_veh-28_01108_01493,770,1,1,0
2021.09.15.11.49.23_veh-28_01869_02000,262,1,1,0
2021.09.15.11.49.23_veh-28_02024_02091,134,1,1,0
2021.09.15.11.49.23_veh-28_02192_02253,122,1,1,0
2021.09.15.12.32.43_veh-28_00015_00093,156,1,0,0
2021.09.15.12.32.43_veh-28_00202_00323,242,1,1,0
2021.09.15.12.32.43_veh-28_00417_00527,220,1,1,0
2021.09.15.12.32.43_veh-28_00625_00697,144,1,1,0
2021.09.15.12.32.43_veh-28_00708_00866,316,1,1,0
2021.09.15.12.32.43_veh-28_00973_01056,166,1,1,0
2021.09.15.12.32.43_veh-28_01070_01157,174,1,1,0
2021.09.15.12.32.43_veh-28_01238_01314,152,1,1,0
2021.09.15.12.32.43_veh-28_01410_01501,182,1,1,0
2021.09.15.12.32.43_veh-28_01513_01697,368,1,1,0
2021.09.15.12.32.43_veh-28_02111_02342,462,1,1,0
2021.09.15.13.12.49_veh-39_00022_00104,164,1,0,0
2021.09.15.13.12.49_veh-39_00135_00467,664,1,0,0
2021.09.15.13.12.49_veh-39_00541_00634,186,1,0,0
2021.09.15.13.12.49_veh-39_00645_00802,314,1,0,0
2021.09.15.13.12.49_veh-39_01049_01301,504,1,0,0
2021.09.15.13.12.49_veh-39_01329_01520,382,1,0,0
2021.09.15.13.12.49_veh-39_01532_01687,310,1,0,0
2021.09.15.13.16.40_veh-28_00088_00157,138,1,1,0
2021.09.15.13.16.40_veh-28_00180_00257,154,1,1,0
2021.09.15.13.16.40_veh-28_00366_00631,530,1,1,0
2021.09.15.13.16.40_veh-28_00642_01267,1250,1,1,0
2021.09.15.13.16.40_veh-28_01343_01432,178,1,1,0
2021.09.15.13.16.40_veh-28_01473_01612,278,1,1,0
2021.09.15.13.16.40_veh-28_01817_01902,170,1,1,0
2021.09.15.13.16.40_veh-28_02072_02166,188,1,1,0
2021.09.15.13.16.40_veh-28_02198_02321,246,1,1,0
2021.09.15.13.52.55_veh-39_00016_00122,212,1,1,0
2021.09.15.13.52.55_veh-39_00134_00215,162,1,1,0
2021.09.15.13.52.55_veh-39_00371_00631,520,1,1,0
2021.09.15.13.52.55_veh-39_00643_00807,328,1,1,0
2021.09.15.13.52.55_veh-39_00818_01335,1034,1,1,0
2021.09.15.13.52.55_veh-39_01385_01446,122,1,1,0
2021.09.15.14.00.15_veh-28_00288_00408,240,1,1,0
2021.09.15.14.00.15_veh-28_00420_00578,316,1,1,0
2021.09.15.14.00.15_veh-28_00770_00852,164,1,0,0
2021.09.15.14.00.15_veh-28_00895_00981,172,1,1,0
2021.09.15.14.00.15_veh-28_01274_01543,538,1,1,0
2021.09.15.14.00.15_veh-28_01611_01874,526,1,1,0
2021.09.15.14.00.15_veh-28_01953_02255,604,1,1,0
2021.09.15.14.27.22_veh-39_00038_00414,752,1,1,0
2021.09.15.14.27.22_veh-39_00473_00568,190,1,1,0
2021.09.15.14.27.22_veh-39_00580_00654,148,1,1,0
2021.09.15.14.27.22_veh-39_00665_00745,160,1,1,0
2021.09.15.14.27.22_veh-39_00756_00838,164,1,1,0
2021.09.15.14.27.22_veh-39_00868_01125,514,1,1,0
2021.09.15.14.27.22_veh-39_01166_01252,172,1,1,0
2021.09.15.14.27.22_veh-39_01281_01346,130,1,1,0
2021.09.15.14.27.22_veh-39_01420_01480,120,1,1,0
2021.09.15.14.27.22_veh-39_01491_01763,544,1,1,0
2021.09.15.14.50.05_veh-28_00083_00152,138,1,1,0
2021.09.15.14.50.05_veh-28_00182_00253,142,1,1,0
2021.09.15.14.50.05_veh-28_00389_00508,238,1,1,0
2021.09.15.14.50.05_veh-28_00578_00896,636,1,1,0
2021.09.15.14.50.05_veh-28_01187_01281,188,1,1,0
2021.09.15.14.50.05_veh-28_01392_01458,132,1,1,0
2021.09.15.14.50.05_veh-28_01511_01690,358,1,1,0
2021.09.15.14.50.05_veh-28_01740_01833,186,1,1,0
2021.09.15.14.50.05_veh-28_02133_02222,178,1,1,0
2021.09.15.15.02.19_veh-39_00105_00203,196,1,1,0
2021.09.15.15.02.19_veh-39_00214_00558,688,1,1,0
2021.09.15.15.02.19_veh-39_00856_01095,478,1,1,0
2021.09.15.15.02.19_veh-39_01107_01666,1118,1,1,0
2021.09.15.15.34.53_veh-28_00030_00128,197,1,1,0
2021.09.15.15.34.53_veh-28_00365_00501,272,1,1,0
2021.09.15.15.34.53_veh-28_00512_01084,1144,1,1,0
2021.09.15.15.34.53_veh-28_01133_01234,202,1,1,0
2021.09.15.15.34.53_veh-28_01303_01395,184,1,1,0
2021.09.15.15.34.53_veh-28_01533_01596,126,1,1,0
2021.09.15.15.34.53_veh-28_01639_01805,333,1,1,0
2021.09.15.15.34.53_veh-28_01820_02314,988,1,1,0
2021.09.15.16.17.26_veh-28_00586_00712,253,1,0,0
2021.09.15.16.17.26_veh-28_00772_00880,216,1,0,0
2021.09.15.16.17.26_veh-28_00937_01074,274,1,0,0
2021.09.15.16.17.26_veh-28_01085_01182,194,1,0,0
2021.09.15.16.17.26_veh-28_01370_01439,138,1,0,0
2021.09.15.16.17.26_veh-28_01450_01544,188,1,0,0
2021.09.15.16.17.26_veh-28_01581_01740,318,1,0,0
2021.09.15.16.51.15_veh-28_00005_00160,310,1,1,0
2021.09.15.16.51.15_veh-28_00176_00329,306,1,1,0
2021.09.15.16.51.15_veh-28_00357_00430,146,1,0,0
2021.09.15.16.51.15_veh-28_01225_01302,154,1,1,0
2021.09.15.16.51.15_veh-28_01468_01533,130,1,1,0
2021.09.15.16.51.15_veh-28_01698_01775,154,1,1,0
2021.09.16.13.53.10_veh-42_00077_00153,152,1,0,1
2021.09.16.13.53.10_veh-42_00180_00342,324,1,0,1
2021.09.16.13.53.10_veh-42_00630_00818,376,1,0,1
2021.09.16.13.53.10_veh-42_00860_01069,418,1,0,1
2021.09.16.13.53.10_veh-42_01510_01591,162,1,0,1
2021.09.16.14.39.34_veh-42_00032_00186,308,1,0,1
2021.09.16.14.39.34_veh-42_00297_00935,1276,1,0,1
2021.09.16.14.39.34_veh-42_01111_01448,674,1,0,1
2021.09.16.14.39.34_veh-42_01609_01687,156,1,0,1
2021.09.16.15.12.03_veh-42_01037_01434,794,1,0,1
2021.09.16.15.47.30_veh-45_01199_01391,384,1,0,1
2021.09.16.16.20.27_veh-08_02435_02525,180,1,0,1
2021.09.16.17.40.09_veh-45_02539_02745,412,1,0,1
2021.09.16.19.12.04_veh-42_00289_00398,218,1,0,1
2021.09.16.19.12.04_veh-42_01088_01192,208,1,0,1
2021.09.16.19.12.04_veh-42_01221_01380,318,1,0,1
2021.09.16.19.12.04_veh-42_01438_01677,478,1,0,1
2021.09.16.19.27.01_veh-45_00472_00711,478,1,0,1
2021.09.16.19.27.01_veh-45_01749_03230,2962,1,0,1
2021.09.16.19.49.00_veh-42_00990_01609,1238,1,0,1
2021.09.16.21.13.37_veh-42_00172_00347,350,1,0,1
2021.09.29.14.44.26_veh-28_00238_00320,164,1,0,1
2021.09.29.14.44.26_veh-28_00337_00504,334,1,0,1
2021.09.29.14.44.26_veh-28_00528_00992,928,1,0,1
2021.09.29.14.44.26_veh-28_01059_01191,264,1,0,1
2021.09.29.14.44.26_veh-28_01202_01296,188,1,0,1
2021.09.29.14.44.26_veh-28_01331_01485,308,1,0,1
2021.09.29.14.44.26_veh-28_01509_01628,238,1,0,1
2021.09.29.14.44.26_veh-28_01640_01743,206,1,0,1
2021.09.29.15.23.04_veh-28_00601_00802,402,1,0,1
2021.09.29.15.23.04_veh-28_00814_01101,574,1,0,1
2021.09.29.18.19.40_veh-28_00331_00426,190,1,0,1
2021.09.29.18.19.40_veh-28_00438_00833,790,1,0,1
2021.09.29.18.19.40_veh-28_00844_01218,748,1,0,1
2021.09.29.18.19.40_veh-28_01268_01685,834,1,0,1
2021.09.29.18.19.40_veh-28_01727_01833,212,1,0,1
2021.09.29.19.02.14_veh-28_00273_00514,482,1,0,1
2021.09.29.19.02.14_veh-28_00540_00917,754,1,0,1
2021.09.29.19.02.14_veh-28_00964_01689,1450,1,0,1
2021.09.29.19.02.14_veh-28_01717_01824,214,1,0,1
2021.09.29.19.02.14_veh-28_02451_02708,514,1,0,1
2021.09.29.19.02.14_veh-28_02911_03005,188,1,0,1
2021.09.29.19.02.14_veh-28_03198_03360,324,1,0,1
2021.10.01.13.28.54_veh-28_00094_00181,174,1,0,0
2021.10.01.13.28.54_veh-28_00405_00547,284,1,1,0
2021.10.01.13.28.54_veh-28_00607_00973,732,1,1,0
2021.10.01.13.28.54_veh-28_00995_01087,184,1,1,0
2021.10.01.13.28.54_veh-28_01098_01337,478,1,1,0
2021.10.01.13.28.54_veh-28_01421_01615,388,1,1,0
2021.10.01.13.28.54_veh-28_01767_01883,232,1,1,0
2021.10.01.14.20.36_veh-28_00038_00128,180,1,0,0
2021.10.01.14.20.36_veh-28_00243_00388,290,1,0,0
2021.10.01.14.20.36_veh-28_00475_00646,342,1,0,0
2021.10.01.14.20.36_veh-28_00825_00919,188,1,0,0
2021.10.01.14.20.36_veh-28_00931_01128,394,1,0,0
2021.10.01.14.20.36_veh-28_01151_01286,270,1,0,0
2021.10.01.14.20.36_veh-28_01415_01480,130,1,0,0
2021.10.01.14.20.36_veh-28_01491_01630,278,1,0,0
2021.10.01.15.32.11_veh-28_00025_00097,144,1,1,0
2021.10.01.15.32.11_veh-28_00120_00248,256,1,1,0
2021.10.01.15.32.11_veh-28_00291_00464,346,1,1,0
2021.10.01.15.32.11_veh-28_00475_00930,910,1,1,0
2021.10.01.15.32.11_veh-28_01000_01136,272,1,1,0
2021.10.01.15.32.11_veh-28_01178_01392,428,1,1,0
2021.10.01.17.52.06_veh-28_00098_00211,226,1,1,0
2021.10.01.17.52.06_veh-28_00327_00427,200,1,1,0
2021.10.01.17.52.06_veh-28_00450_00599,298,1,1,0
2021.10.01.17.52.06_veh-28_00675_00737,124,1,1,0
2021.10.01.17.52.06_veh-28_00748_00952,408,1,1,0
2021.10.01.17.52.06_veh-28_01034_01107,146,1,1,0
2021.10.01.17.52.06_veh-28_01141_01264,246,1,1,0
2021.10.01.17.52.06_veh-28_01289_01353,128,1,1,0
2021.10.01.17.52.06_veh-28_01364_01428,128,1,1,0
2021.10.01.17.52.06_veh-28_01441_01573,264,1,1,0
2021.10.01.17.52.06_veh-28_01622_01687,130,1,1,0
2021.10.01.18.26.05_veh-28_00005_00413,816,1,1,0
2021.10.01.18.26.05_veh-28_00481_00656,350,1,0,0
2021.10.01.18.26.05_veh-28_00949_01041,184,1,1,0
2021.10.01.18.26.05_veh-28_01081_01159,156,1,1,0
2021.10.01.18.26.05_veh-28_01211_01323,224,1,1,0
2021.10.01.18.26.05_veh-28_01689_01890,402,1,1,0
2021.10.01.19.16.42_veh-28_00094_00216,244,1,1,0
2021.10.01.19.16.42_veh-28_00274_00380,212,1,1,0
2021.10.01.19.16.42_veh-28_00392_00906,1028,1,1,0
2021.10.01.19.16.42_veh-28_00917_01499,1164,1,1,0
2021.10.01.19.16.42_veh-28_01511_01624,226,1,1,0
2021.10.01.19.16.42_veh-28_01731_01935,408,1,1,0
2021.10.01.19.16.42_veh-28_02011_02410,798,1,1,0
2021.10.01.19.16.42_veh-28_02447_02517,140,1,1,0
2021.10.01.19.16.42_veh-28_02568_02833,530,1,1,0
2021.10.01.19.16.42_veh-28_02903_03140,474,1,1,0
2021.10.01.19.16.42_veh-28_03215_03296,162,1,1,0
2021.10.01.19.16.42_veh-28_03307_03808,1002,1,1,0
2021.10.01.19.16.42_veh-28_03887_04040,306,1,1,0
2021.10.05.04.03.05_veh-50_00058_00321,0,0,1,0
2021.10.05.04.03.05_veh-50_00365_00493,0,0,1,0
2021.10.05.04.03.05_veh-50_00536_00637,0,0,1,0
2021.10.05.04.03.05_veh-50_00648_00744,0,0,1,0
2021.10.05.04.03.05_veh-50_01003_01426,0,0,1,0
2021.10.05.04.03.05_veh-50_01466_01790,0,0,1,0
2021.10.05.04.38.41_veh-50_00014_00429,0,0,1,0
2021.10.05.04.38.41_veh-50_00441_00515,0,0,1,0
2021.10.05.04.38.41_veh-50_00576_00721,0,0,1,0
2021.10.05.04.38.41_veh-50_00753_00956,0,0,1,0
2021.10.05.04.38.41_veh-50_00996_01109,0,0,1,0
2021.10.05.06.24.06_veh-50_00021_00383,0,0,1,0
2021.10.05.06.24.06_veh-50_00431_00527,0,0,1,0
2021.10.05.06.24.06_veh-50_00717_01300,0,0,1,0
2021.10.05.06.24.06_veh-50_01311_01409,0,0,1,0
2021.10.05.06.24.06_veh-50_01420_01553,0,0,1,0
2021.10.05.06.24.06_veh-50_01566_01672,0,0,1,0
2021.10.05.06.31.40_veh-52_00005_00342,0,0,1,0
2021.10.05.06.31.40_veh-52_00355_00454,0,0,1,0
2021.10.05.06.31.40_veh-52_00465_00713,0,0,1,0
2021.10.05.06.31.40_veh-52_00734_01305,0,0,1,0
2021.10.05.06.31.40_veh-52_01316_01565,0,0,1,0
2021.10.05.06.31.40_veh-52_01598_02013,0,0,1,0
2021.10.05.06.57.40_veh-50_00025_00261,0,0,1,0
2021.10.05.06.57.40_veh-50_00485_00624,0,0,1,0
2021.10.05.06.57.40_veh-50_00665_00857,0,0,1,0
2021.10.05.06.57.40_veh-50_00940_01105,0,0,1,0
2021.10.05.06.57.40_veh-50_01131_01452,0,0,1,0
2021.10.05.06.57.40_veh-50_01493_01624,0,0,1,0
2021.10.05.06.57.40_veh-50_01658_01796,0,0,1,0
2021.10.05.07.10.04_veh-52_00252_00406,0,0,1,0
2021.10.05.07.10.04_veh-52_00418_00563,0,0,1,0
2021.10.05.07.10.04_veh-52_00596_00663,0,0,1,0
2021.10.05.07.10.04_veh-52_00689_01322,0,0,1,0
2021.10.05.07.10.04_veh-52_01442_01802,0,0,1,0
2021.10.05.07.38.12_veh-50_00132_00234,0,0,1,0
2021.10.05.07.38.12_veh-50_00245_00433,0,0,1,0
2021.10.05.07.38.12_veh-50_00898_01058,0,0,1,0
2021.10.05.07.38.12_veh-50_01085_01463,0,0,1,0
2021.10.05.07.38.12_veh-50_01477_01565,0,0,1,0
2021.10.05.07.49.39_veh-52_00563_00680,0,0,1,0
2021.10.05.07.49.39_veh-52_00770_00905,0,0,1,0
2021.10.05.07.49.39_veh-52_00934_01406,0,0,1,0
2021.10.05.07.49.39_veh-52_01417_01574,0,0,1,0
2021.10.05.08.11.15_veh-50_00163_00321,0,0,1,0
2021.10.05.08.11.15_veh-50_00360_00426,0,0,1,0
2021.10.05.08.11.15_veh-50_00437_00585,0,0,1,0
2021.10.05.08.11.15_veh-50_00710_00903,0,0,1,0
2021.10.05.08.11.15_veh-50_00970_01211,0,0,1,0
2021.10.05.08.11.15_veh-50_01222_01462,0,0,1,0
2021.10.05.08.11.15_veh-50_01566_01801,0,0,1,0
2021.10.06.07.26.10_veh-52_00006_00398,784,1,0,1
2021.10.06.07.26.10_veh-52_00422_00728,612,1,0,1
2021.10.06.07.26.10_veh-52_00772_00917,290,1,0,1
2021.10.06.07.26.10_veh-52_00953_01126,346,1,0,1
2021.10.06.07.26.10_veh-52_01245_02064,1638,1,0,1
2021.10.06.07.26.10_veh-52_02208_02394,372,1,0,1
2021.10.06.08.16.17_veh-52_00032_00170,276,1,0,1
2021.10.06.08.16.17_veh-52_00181_00574,786,1,0,1
2021.10.06.08.16.17_veh-52_00612_00782,340,1,0,1
2021.10.06.08.16.17_veh-52_00922_01296,748,1,0,1
2021.10.06.08.16.17_veh-52_01430_01579,298,1,0,1
2021.10.06.08.16.17_veh-52_01590_01725,270,1,0,1
2021.10.06.08.16.17_veh-52_01949_02501,1104,1,0,1
2021.10.06.13.21.47_veh-28_00016_00086,140,1,1,0
2021.10.06.13.21.47_veh-28_00139_00216,154,1,1,0
2021.10.06.13.21.47_veh-28_00262_00334,144,1,1,0
2021.10.06.13.21.47_veh-28_00441_00515,148,1,1,0
2021.10.06.13.21.47_veh-28_00692_00815,246,1,1,0
2021.10.06.13.21.47_veh-28_01002_01116,228,1,1,0
2021.10.06.13.21.47_veh-28_01127_01187,120,1,1,0
2021.10.06.13.21.47_veh-28_01198_01616,836,1,1,0
2021.10.06.13.21.47_veh-28_01648_01722,148,1,1,0
2021.10.06.13.21.47_veh-28_01755_01829,148,1,1,0
2021.10.06.14.31.13_veh-28_00014_00079,130,1,0,0
2021.10.06.14.31.13_veh-28_00223_00350,254,1,1,0
2021.10.06.14.31.13_veh-28_00362_00475,226,1,1,0
2021.10.06.14.31.13_veh-28_00589_00665,152,1,1,0
2021.10.06.14.31.13_veh-28_00738_00908,340,1,1,0
2021.10.06.14.31.13_veh-28_00981_01226,490,1,1,0
2021.10.06.14.31.13_veh-28_01277_01377,200,1,1,0
2021.10.06.14.31.13_veh-28_01388_01849,922,1,1,0
2021.10.06.17.08.46_veh-28_00016_00116,200,1,1,0
2021.10.06.17.08.46_veh-28_00127_00428,602,1,1,0
2021.10.06.17.08.46_veh-28_00498_00621,246,1,1,0
2021.10.06.17.08.46_veh-28_00651_01030,758,1,1,0
2021.10.06.17.08.46_veh-28_01127_01287,320,1,1,0
2021.10.06.17.08.46_veh-28_01298_01548,500,1,1,0
2021.10.06.17.08.46_veh-28_01626_01702,152,1,1,0
2021.10.06.17.43.07_veh-28_00016_00291,550,1,1,0
2021.10.06.17.43.07_veh-28_00302_00486,368,1,1,0
2021.10.06.17.43.07_veh-28_00508_00877,738,1,1,0
2021.10.06.17.43.07_veh-28_00933_01014,162,1,1,0
2021.10.06.17.43.07_veh-28_01118_01302,368,1,1,0
2021.10.06.17.43.07_veh-28_01354_01536,364,1,1,0
2021.10.06.17.43.07_veh-28_01587_01694,214,1,1,0
2021.10.06.18.52.07_veh-28_00123_00431,616,1,1,0
2021.10.06.18.52.07_veh-28_00442_00578,272,1,1,0
2021.10.06.18.52.07_veh-28_00592_00655,126,1,1,0
2021.10.06.18.52.07_veh-28_00839_00968,258,1,1,0
2021.10.06.18.52.07_veh-28_01072_01157,170,1,1,0
2021.10.06.18.52.07_veh-28_01297_01462,330,1,1,0
2021.10.06.18.52.07_veh-28_01474_01908,868,1,1,0
2021.10.06.19.27.33_veh-28_00016_00079,126,1,1,0
2021.10.06.19.27.33_veh-28_00121_00289,336,1,1,0
2021.10.06.19.27.33_veh-28_00302_00794,984,1,1,0
2021.10.06.19.27.33_veh-28_00805_01736,1862,1,1,0
2021.10.11.02.57.41_veh-50_00029_00134,210,1,1,0
2021.10.11.02.57.41_veh-50_00145_00308,326,1,1,0
2021.10.11.02.57.41_veh-50_00352_00535,366,1,1,0
2021.10.11.02.57.41_veh-50_00704_00776,144,1,1,0
2021.10.11.02.57.41_veh-50_00838_01005,334,1,1,0
2021.10.11.02.57.41_veh-50_01028_01289,522,1,1,0
2021.10.11.02.57.41_veh-50_01343_01501,316,1,1,0
2021.10.11.02.57.41_veh-50_01522_02088,1132,1,1,0
2021.10.11.02.57.41_veh-50_02155_02265,220,1,1,0
2021.10.11.02.57.41_veh-50_02318_02417,198,1,1,0
2021.10.11.02.57.41_veh-50_02428_02548,240,1,1,0
2021.10.11.05.34.05_veh-50_00020_00149,258,1,1,0
2021.10.11.05.34.05_veh-50_00189_00398,418,1,1,0
2021.10.11.05.34.05_veh-50_00442_00556,228,1,1,0
2021.10.11.05.34.05_veh-50_00568_00631,126,1,1,0
2021.10.11.05.34.05_veh-50_00697_00766,138,1,1,0
2021.10.11.05.34.05_veh-50_00838_00947,218,1,1,0
2021.10.11.05.34.05_veh-50_00971_01251,560,1,1,0
2021.10.11.05.34.05_veh-50_01281_01692,822,1,1,0
2021.10.11.05.34.05_veh-50_01718_02261,1086,1,1,0
2021.10.11.05.34.05_veh-50_02309_02677,736,1,1,0
2021.10.11.07.12.18_veh-50_00211_00304,186,1,1,0
2021.10.11.07.12.18_veh-50_00345_00498,306,1,1,0
2021.10.11.07.12.18_veh-50_00541_00832,582,1,1,0
2021.10.11.07.12.18_veh-50_00866_01534,1336,1,1,0
2021.10.11.07.12.18_veh-50_01571_01823,504,1,1,0
2021.10.11.07.47.13_veh-50_00080_00159,158,1,1,0
2021.10.11.07.47.13_veh-50_00202_00310,216,1,1,0
2021.10.11.07.47.13_veh-50_00326_00708,764,1,1,0
2021.10.11.07.47.13_veh-50_00736_00843,214,1,1,0
2021.10.11.07.47.13_veh-50_00886_00952,132,1,1,0
2021.10.11.07.47.13_veh-50_01020_01123,206,1,1,0
2021.10.11.07.47.13_veh-50_01190_01452,524,1,1,0
2021.10.11.07.47.13_veh-50_01513_02138,1250,1,1,0
2021.10.11.08.31.07_veh-50_00005_00242,474,1,1,0
2021.10.11.08.31.07_veh-50_00282_00680,796,1,1,0
2021.10.11.08.31.07_veh-50_00791_00954,326,1,1,0
2021.10.11.08.31.07_veh-50_01001_01076,150,1,1,0
2021.10.11.08.31.07_veh-50_01184_01318,268,1,1,0
2021.10.11.08.31.07_veh-50_01365_01539,348,1,1,0
2021.10.11.08.31.07_veh-50_01576_01734,316,1,1,0
2021.10.11.08.31.07_veh-50_01750_01948,396,1,1,0
2021.10.11.08.31.07_veh-50_01972_02057,170,1,1,0
2021.10.11.08.31.07_veh-50_02146_02283,274,1,1,0
2021.10.11.08.31.07_veh-50_02360_02684,648,1,1,0
