split,run,n_scenarios,per_scenario_mean,size_kb
navhard,factorial_egomotion,5915,0.4731,538
navhard,factorial_neither,5915,0.4909,539
navhard,factorial_semantic,5915,0.5035,542
navhard,gtrs_dense,5915,0.5707,546
navhard,ltf,5915,0.4701,537
navhard,ours_external_scorer,5915,0.5206,544
navhard,ours_k128,5915,0.5113,542
navhard,ours_no_selection,5915,0.49,541
navhard,ours_no_selection_seedB,5915,0.4913,541
navhard,ours_selection_gating,5915,0.4994,540
navhard,ours_sensor_only,5915,0.4413,526
navhard,ours_sensor_only_sel,5915,0.4649,535
navhard,ours_xt2,5915,0.5101,541
navhard,ours_xt3,5915,0.5177,542
navhard,ours_xt4,5915,0.521,541
navhard,ours_xt5,5915,0.5184,541
navtest_v2,diffusiondrive,12147,0.882,1011
navtest_v2,gtrs_dense,12147,0.9004,1018
navtest_v2,ltf,12147,0.8471,1004
navtest_v2,ours_xt2,12147,0.8225,1015
navtest_v2,ours_xt4,12147,0.8067,1013
navtest_v2,transfuser,12147,0.8395,1001
navtest_v1,diffusiondrive,12146,0.8807,878
navtest_v1,ours_external_scorer,12146,0.8609,897
navtest_v1,ours_no_selection,12146,0.8174,885
navtest_v1,ours_xt2,12146,0.8404,883
navtest_v1,ours_xt4,12146,0.828,884
navtest_v1,transfuser,12146,0.8339,864
